ID_STG_FNT_ITT,NUM_CNPJ,NUM_CMP_CNPJ,NOM_COM,NOM_RAZ_SCL,DAT_INC_DBO
137,2427884087,2805,NMN,NMN,2019-12-19 13:43:41.914
183,12182674487,2635,NMN,NMN,2019-12-19 13:43:41.914
197,16167328168,1802,NMN,NMN,2019-12-19 13:43:41.914
267,279925978,2329,NMN,NMN,2019-12-19 13:43:41.914
322,20579036860,2397,NMN,NMN,2019-12-19 13:43:41.914
336,6574465046,2465,NMN,NMN,2019-12-19 13:43:41.914
343,306428723,2380,NMN,NMN,2019-12-19 13:43:41.914
356,7422524275,2550,NMN,NMN,2019-12-19 13:43:41.914
380,707714471,1904,NMN,NMN,2019-12-19 13:43:41.914
394,582504932,3094,NMN,NMN,2019-12-19 13:43:41.914
395,619875811,2397,NMN,NMN,2019-12-19 13:43:41.914
422,200819453,2040,NMN,NMN,2019-12-19 13:43:41.914
458,20616228848,1972,NMN,NMN,2019-12-19 13:43:41.914
481,9804044092,2958,NMN,NMN,2019-12-19 13:43:41.914
491,20041241384,1870,NMN,NMN,2019-12-19 13:43:41.914
496,974840350,2363,NMN,NMN,2019-12-19 13:43:41.914
505,1178913365,2703,NMN,NMN,2019-12-19 13:43:41.914
514,1490688877,1853,NMN,NMN,2019-12-19 13:43:41.914
517,1582863982,2941,NMN,NMN,2019-12-19 13:43:41.914
536,2264736362,2108,NMN,NMN,2019-12-19 13:43:41.914
538,2296456424,3281,NMN,NMN,2019-12-19 13:43:41.914
562,5634131874,3060,NMN,NMN,2019-12-19 13:43:41.914
566,3123522693,1734,NMN,NMN,2019-12-19 13:43:41.914
574,635097441,1938,NMN,NMN,2019-12-19 13:43:41.914
595,12886037774,1819,NMN,NMN,2019-12-19 13:43:41.914
601,481175752,3145,NMN,NMN,2019-12-19 13:43:41.914
610,8128994601,1700,NMN,NMN,2019-12-19 13:43:41.914
619,1578868268,2193,PPPPJRMTVVM PJNTRML JJ PRJJVTP - PJPRJJ,PPPPJRMTVVM PJNTRML JJ PRJJVTP - MVLPS,2019-12-19 13:43:41.914
631,667321230,6834,NMN,NMN,2019-12-19 13:43:41.914
653,1151773375,5236,NMN,NMN,2019-12-19 13:43:41.914
683,1728130988,3145,NMN,NMN,2019-12-19 13:43:41.914
709,17230384612,3366,NMN,NMN,2019-12-19 13:43:41.914
722,1756472640,3111,NMN,NMN,2019-12-19 13:43:41.914
730,273528385,2210,NMN,NMN,2019-12-19 13:43:41.914
756,813486448,3009,NMN,NMN,2019-12-19 13:43:41.914
773,585063738,1717,NMN,NMN,2019-12-19 13:43:41.914
778,15370302582,2261,NMN,NMN,2019-12-19 13:43:41.914
790,17949664574,1751,NMN,NMN,2019-12-19 13:43:41.914
815,25372939671,3383,NMN,NMN,2019-12-19 13:43:41.914
816,25403273689,2363,NMN,NMN,2019-12-19 13:43:41.914
838,25460682383,2686,NMN,NMN,2019-12-19 13:43:41.914
855,7674462915,2261,NMN,NMN,2019-12-19 13:43:41.914
866,2043373055,2958,NMN,NMN,2019-12-19 13:43:41.914
872,1096246938,3026,NMN,NMN,2019-12-19 13:43:41.914
884,26345171796,3060,NMN,NMN,2019-12-19 13:43:41.914
886,25290527275,1802,NMN,NMN,2019-12-19 13:43:41.914
892,23424804254,1751,NMN,NMN,2019-12-19 13:43:41.914
907,9532134685,1989,NMN,NMN,2019-12-19 13:43:41.914
921,9217852387,1972,MMNPP VNJZSTRVML S.M.,MMNPP VNJZSTRVML S.M.,2019-12-19 13:43:41.914
946,2398073159,3213,NMN,NMN,2019-12-19 13:43:41.914
948,2184106518,2601,NMN,NMN,2019-12-19 13:43:41.914
957,2169709983,2601,NMN,NMN,2019-12-19 13:43:41.914
967,1506016281,2754,NMN,NMN,2019-12-19 13:43:41.914
974,855749808,2040,NMN,NMN,2019-12-19 13:43:41.914
980,2160383664,1700,NMN,NMN,2019-12-19 13:43:41.914
983,1146097993,2329,NMN,NMN,2019-12-19 13:43:41.914
985,847984089,3247,NMN,NMN,2019-12-19 13:43:41.914
27,4368051774,4080,MMNPP MMM S/M,MMNPP MMM S/M,2019-12-19 13:43:41.914
46,0,3247,MMNPP JP MRMSVL,MMNPP JP MRMSVL,2019-12-19 13:43:41.914
107,17765603364,22202,NMN,NMN,2019-12-19 13:43:41.914
138,2227510850,1870,NMN,NMN,2019-12-19 13:43:41.914
141,1761561063,1904,NMN,NMN,2019-12-19 13:43:41.914
153,2227510850,105944,NMN,NMN,2019-12-19 13:43:41.914
191,15192389269,2074,NMN,NMN,2019-12-19 13:43:41.914
231,200049846,2992,NMN,NMN,2019-12-19 13:43:41.914
249,22789992923,2754,NMN,NMN,2019-12-19 13:43:41.914
277,22780431647,2074,NMN,NMN,2019-12-19 13:43:41.914
292,7327288371,2720,NMN,NMN,2019-12-19 13:43:41.914
299,6262684043,1700,NMN,NMN,2019-12-19 13:43:41.914
300,12394381437,2907,NMN,NMN,2019-12-19 13:43:41.914
353,6575900798,2125,NMN,NMN,2019-12-19 13:43:41.914
365,19640506181,2533,NMN,NMN,2019-12-19 13:43:41.914
367,279245094,1904,NMN,NMN,2019-12-19 13:43:41.914
368,91152334,2771,NMN,NMN,2019-12-19 13:43:41.914
373,20614014241,3077,NMN,NMN,2019-12-19 13:43:41.914
386,833302022,3179,NMN,NMN,2019-12-19 13:43:41.914
401,1248858301,2278,NMN,NMN,2019-12-19 13:43:41.914
408,1321585440,3179,NMN,NMN,2019-12-19 13:43:41.914
418,307044871,1717,NMN,NMN,2019-12-19 13:43:41.914
445,492346180,2550,NMN,NMN,2019-12-19 13:43:41.914
471,657700709,2584,NMN,NMN,2019-12-19 13:43:41.914
473,688616195,2091,NMN,NMN,2019-12-19 13:43:41.914
476,772818657,1802,NMN,NMN,2019-12-19 13:43:41.914
483,16635917392,2533,NMN,NMN,2019-12-19 13:43:41.914
485,961340293,1836,NMN,NMN,2019-12-19 13:43:41.914
498,1116377522,1751,NMN,NMN,2019-12-19 13:43:41.914
499,1135939643,2142,NMN,NMN,2019-12-19 13:43:41.914
501,1139001598,3281,NMN,NMN,2019-12-19 13:43:41.914
573,20594482176,3247,NMN,NMN,2019-12-19 13:43:41.914
590,4210361525,3315,NMN,NMN,2019-12-19 13:43:41.914
607,7060622869,3094,NMN,NMN,2019-12-19 13:43:41.914
608,1111118011,2788,NMN,NMN,2019-12-19 13:43:41.914
613,1721451909,2601,MTRVM S/M,"MTRVM S/M - PRJJVTP, JVNMNPVMMJNTP J VNVJSTVMJNTP",2019-12-19 13:43:41.914
629,667321230,3944,NMN,NMN,2019-12-19 13:43:41.914
644,931375617,3570,NMN,NMN,2019-12-19 13:43:41.914
645,931375617,5100,NMN,NMN,2019-12-19 13:43:41.914
659,6101057903,3995,NMN,NMN,2019-12-19 13:43:41.914
669,15722629707,2550,NMN,NMN,2019-12-19 13:43:41.914
670,2158616140,2550,NMN,NMN,2019-12-19 13:43:41.914
695,1286764697,3060,MMW JVNMNPJVRM,"MMW JVNMNPJVRM S.M - PRJJVTP, JVNMNPVMMJNTP J VNVJSTVMJNTP",2019-12-19 13:43:41.914
698,17133483779,1921,MMNPP PMN S.M.,MMNPP PMN S.M.,2019-12-19 13:43:41.914
703,1044064231,2856,NMN,NMN,2019-12-19 13:43:41.914
719,20797975457,2074,NMN,NMN,2019-12-19 13:43:41.914
720,18716065119,1751,NMN,NMN,2019-12-19 13:43:41.914
725,16645856680,2550,NMN,NMN,2019-12-19 13:43:41.914
754,17089666177,2720,NMN,NMN,2019-12-19 13:43:41.914
757,47037640,1751,NMN,NMN,2019-12-19 13:43:41.914
779,15463141809,1802,NMN,NMN,2019-12-19 13:43:41.914
782,17403304005,3111,NMN,NMN,2019-12-19 13:43:41.914
818,25354859253,2703,NMN,NMN,2019-12-19 13:43:41.914
819,821755027,2890,NMN,NMN,2019-12-19 13:43:41.914
842,23442278061,2006,NMN,NMN,2019-12-19 13:43:41.914
863,28174401920,3145,NMN,NMN,2019-12-19 13:43:41.914
873,7569221542,2108,NMN,NMN,2019-12-19 13:43:41.914
902,25368502076,2788,NMN,NMN,2019-12-19 13:43:41.914
924,1391408707,2958,"SPRPPRJJ - PRJJVTP, JVNMNPVMMJNTP J VNVJSTVMJNTP S/M","SPRPPRJJ - PRJJVTP, JVNMNPVMMJNTP J VNVJSTVMJNTP S/M",2019-12-19 13:43:41.914
937,1619107472,1819,NMN,NMN,2019-12-19 13:43:41.914
962,1437306242,2074,NMN,NMN,2019-12-19 13:43:41.914
1008,2671797197,2380,NMN,NMN,2019-12-19 13:43:41.914
1010,707561590,1819,NMN,NMN,2019-12-19 13:43:41.914
5,3448352913,1717,STMNJMRJ PVMRTJRJJ MMNK (MRMSVL) S.M.,STMNJMRJ PVMRTJRJJ MMNK (MRMSVL) S.M. - MMNPP JJ VNVJSTVMJNTP,2019-12-19 13:43:41.914
6,20264587520,2414,PJNTRML SVPRJJV N/NJ,PPPPJRMTVVM PJNTRML JJ PRJJVTP JP NPRTJ/NPRJJSTJ - PJNTRML SVPRJJV NPRTJ/NPRJJSTJ,2019-12-19 13:43:41.914
28,1338895384,2210,PJNTRMLPRJJV,PPPPJRMTVVM PJNTRML JJ PRJJVTP NPRPJSTJ MRMSVLJVRP LTJM,2019-12-19 13:43:41.914
39,9726944672,3213,MNJJS,MMNPP NMPVPNML JJ JJSJNVPLVVMJNTP JPPNPMVPP J SPPVML,2019-12-19 13:43:41.914
75,2087064942,2431,NMN,NMN,2019-12-19 13:43:41.914
79,844859421,2924,NMN,NMN,2019-12-19 13:43:41.914
88,1207979829,2210,NMN,NMN,2019-12-19 13:43:41.914
96,2700137982,2227,NMN,NMN,2019-12-19 13:43:41.914
111,17765603364,55743,NMN,NMN,2019-12-19 13:43:41.914
131,17765603364,468078,NMN,NMN,2019-12-19 13:43:41.914
150,2227510850,113322,NMN,NMN,2019-12-19 13:43:41.914
167,18006968072,1955,NMN,NMN,2019-12-19 13:43:41.914
177,5145249937,2210,NMN,NMN,2019-12-19 13:43:41.914
184,14743110447,2533,NMN,NMN,2019-12-19 13:43:41.914
192,16907404281,1700,NMN,NMN,2019-12-19 13:43:41.914
207,1043237113,2550,MMNPP PMRPVLL,MMNPP PMRPVLL S.M.,2019-12-19 13:43:41.914
223,1413744650,3196,NMN,NMN,2019-12-19 13:43:41.914
232,89307936,2159,NMN,NMN,2019-12-19 13:43:41.914
286,204583967,1819,NMN,NMN,2019-12-19 13:43:41.914
320,12390536292,1734,NMN,NMN,2019-12-19 13:43:41.914
362,15616957724,2465,NMN,NMN,2019-12-19 13:43:41.914
381,747785188,3383,NMN,NMN,2019-12-19 13:43:41.914
383,763529041,3009,NMN,NMN,2019-12-19 13:43:41.914
387,876672541,1955,NMN,NMN,2019-12-19 13:43:41.914
411,1313263685,3145,NMN,NMN,2019-12-19 13:43:41.914
421,2150251613,3366,NMN,NMN,2019-12-19 13:43:41.914
435,9643963235,2159,NMN,NMN,2019-12-19 13:43:41.914
447,628126183,3366,NMN,NMN,2019-12-19 13:43:41.914
450,4812139578,3060,NMN,NMN,2019-12-19 13:43:41.914
472,604921506,1853,NMN,NMN,2019-12-19 13:43:41.914
520,18874141183,3026,NMN,NMN,2019-12-19 13:43:41.914
521,1692596704,3060,NMN,NMN,2019-12-19 13:43:41.914
522,1701802221,2040,NMN,NMN,2019-12-19 13:43:41.914
586,3579251417,3060,NMN,NMN,2019-12-19 13:43:41.914
651,1151773375,2482,NMN,NMN,2019-12-19 13:43:41.914
672,2377798364,2108,NMN,NMN,2019-12-19 13:43:41.914
704,740537068,2380,NMN,NMN,2019-12-19 13:43:41.914
713,14187333391,1802,NMN,NMN,2019-12-19 13:43:41.914
715,15561563938,2839,NMN,NMN,2019-12-19 13:43:41.914
717,1056939470,1972,NMN,NMN,2019-12-19 13:43:41.914
718,1492714767,2125,NMN,NMN,2019-12-19 13:43:41.914
721,13067119683,2261,NMN,NMN,2019-12-19 13:43:41.914
738,16630631004,3111,NMN,NMN,2019-12-19 13:43:41.914
767,17139308285,2040,NMN,NMN,2019-12-19 13:43:41.914
772,15987297930,3196,NMN,NMN,2019-12-19 13:43:41.914
780,13479622966,2652,NMN,NMN,2019-12-19 13:43:41.914
788,300274179,2516,NMN,NMN,2019-12-19 13:43:41.914
793,5446599196,2584,NMN,NMN,2019-12-19 13:43:41.914
796,17585716181,2499,NMN,NMN,2019-12-19 13:43:41.914
797,7004047651,2244,NMN,NMN,2019-12-19 13:43:41.914
825,1412145613,2176,NMN,NMN,2019-12-19 13:43:41.914
830,341459569,17782,NMN,NMN,2019-12-19 13:43:41.914
831,341459569,15334,NMN,NMN,2019-12-19 13:43:41.914
843,23716867365,1751,NMN,NMN,2019-12-19 13:43:41.914
846,7631966043,2550,NMN,NMN,2019-12-19 13:43:41.914
857,2256774123,2040,NMN,NMN,2019-12-19 13:43:41.914
858,897695557,3230,NMN,NMN,2019-12-19 13:43:41.914
870,25368311625,3077,NMN,NMN,2019-12-19 13:43:41.914
879,9750229402,2380,NMN,NMN,2019-12-19 13:43:41.914
896,1083759826,3247,NMN,NMN,2019-12-19 13:43:41.914
912,22804298423,2499,NMN,NMN,2019-12-19 13:43:41.914
918,2735105248,1904,MVJWMY S.M PRJJVTP JVNMNPVMMJNTP J VNVJSTVMJNTP,MVJWMY S.M PRJJVTP JVNMNPVMMJNTP J VNVJSTVMJNTP,2019-12-19 13:43:41.914
928,693304064,3230,ZNVPRVMJ NPRTJ JP PMRMNÁ - PPPPJRMTVVM JJ PRÉJVTP LTJM,ZNVPRVMJ NPRTJ JP PMRMNÁ - PPPPJRMTVVM JJ PRÉJVTP LTJM,2019-12-19 13:43:41.914
938,799568208,2346,NMN,NMN,2019-12-19 13:43:41.914
945,1343777750,2380,NMN,NMN,2019-12-19 13:43:41.914
952,841275243,1819,NMN,NMN,2019-12-19 13:43:41.914
955,405111819,2601,NMN,NMN,2019-12-19 13:43:41.914
966,1729374555,2907,NMN,NMN,2019-12-19 13:43:41.914
1005,1257215025,2193,NMN,NMN,2019-12-19 13:43:41.914
4,17939154800,2057,MMNK PJ MMJRVPM,MMNK PJ MMJRVPM MJRRVLL LYNPV MMNPP MZLTVPLP S.M.,2019-12-19 13:43:41.914
36,8389804963,2822,SPPTVMMMNK MRMSVL S.M.,SPPTVMMMNK MRMSVL S.M. MMNPP MZLTVPLP,2019-12-19 13:43:41.914
47,16715703645,2380,MMNPP TRVPZRY,MMNPP TRVPZRY,2019-12-19 13:43:41.914
49,104128145,1768,PMVXM JPPNÔMVPM JJJJRML,PMVXM JPPNÔMVPM JJJJRML,2019-12-19 13:43:41.914
52,3718131523,3349,"MRVPKJLL S/M PRÉJVTP, JVNMNPVMMJNTP J VNVJSTVMJNTP","MRVPKJLL S/M PRÉJVTP, JVNMNPVMMJNTP J VNVJSTVMJNTP",2019-12-19 13:43:41.914
56,870534470,2873,NMN,NMN,2019-12-19 13:43:41.914
59,332336417,3213,NMN,NMN,2019-12-19 13:43:41.914
71,17489766158,2074,NMN,NMN,2019-12-19 13:43:41.914
73,9116931564,2652,NMN,NMN,2019-12-19 13:43:41.914
95,904273197,1819,NMN,NMN,2019-12-19 13:43:41.914
101,667321230,2567,NMN,NMN,2019-12-19 13:43:41.914
128,17765603364,376397,NMN,NMN,2019-12-19 13:43:41.914
132,960315499,3230,NMN,NMN,2019-12-19 13:43:41.914
146,20626417254,2975,NMN,NMN,2019-12-19 13:43:41.914
148,3172930422,2669,NMN,NMN,2019-12-19 13:43:41.914
158,5145367560,3383,NMN,NMN,2019-12-19 13:43:41.914
169,4799896382,2380,NMN,NMN,2019-12-19 13:43:41.914
176,4952951938,2533,NMN,NMN,2019-12-19 13:43:41.914
178,5145257451,3213,NMN,NMN,2019-12-19 13:43:41.914
190,13730135680,3094,NMN,NMN,2019-12-19 13:43:41.914
206,6797919846,2091,PPMMJRZMMNK MRMSVL,PPMMJRZMMNK MRMSVL S.M. - MMNPP MZLTVPLP,2019-12-19 13:43:41.914
215,26554759509,2244,MMNPP JPVN JJJRJ S.M.,MMNPP JPVN JJJRJ S.M.,2019-12-19 13:43:41.914
220,9541206684,3332,NMN,NMN,2019-12-19 13:43:41.914
226,7422512426,2788,NMN,NMN,2019-12-19 13:43:41.914
230,1012115859,2805,NMN,NMN,2019-12-19 13:43:41.914
255,25082840893,1887,NMN,NMN,2019-12-19 13:43:41.914
256,23584436294,2975,NMN,NMN,2019-12-19 13:43:41.914
269,10766709161,1751,NMN,NMN,2019-12-19 13:43:41.914
271,10875375762,2431,NMN,NMN,2019-12-19 13:43:41.914
324,18564646170,2210,NMN,NMN,2019-12-19 13:43:41.914
352,24991621511,2448,NMN,NMN,2019-12-19 13:43:41.914
392,7791534792,2431,NMN,NMN,2019-12-19 13:43:41.914
400,1206494080,2108,NMN,NMN,2019-12-19 13:43:41.914
404,1273441219,2193,NMN,NMN,2019-12-19 13:43:41.914
414,1827888008,3247,NMN,NMN,2019-12-19 13:43:41.914
426,6299422879,1717,NMN,NMN,2019-12-19 13:43:41.914
428,501853124,2737,NMN,NMN,2019-12-19 13:43:41.914
432,5742238682,1734,NMN,NMN,2019-12-19 13:43:41.914
444,640732652,2584,NMN,NMN,2019-12-19 13:43:41.914
487,944897060,2771,NMN,NMN,2019-12-19 13:43:41.914
529,2051051496,1700,NMN,NMN,2019-12-19 13:43:41.914
545,2610738722,1972,NMN,NMN,2019-12-19 13:43:41.914
547,2767709361,3094,NMN,NMN,2019-12-19 13:43:41.914
551,2602386044,2125,NMN,NMN,2019-12-19 13:43:41.914
554,2723821532,3230,NMN,NMN,2019-12-19 13:43:41.914
557,2768402961,3026,NMN,NMN,2019-12-19 13:43:41.914
559,2982302554,2584,NMN,NMN,2019-12-19 13:43:41.914
560,2940675572,2941,NMN,NMN,2019-12-19 13:43:41.914
575,650475709,1802,NMN,NMN,2019-12-19 13:43:41.914
583,1226452420,2567,NMN,NMN,2019-12-19 13:43:41.914
599,650479466,3009,NMN,NMN,2019-12-19 13:43:41.914
605,998002255,2380,NMN,NMN,2019-12-19 13:43:41.914
634,667321230,12699,NMN,NMN,2019-12-19 13:43:41.914
640,667321230,23715,NMN,NMN,2019-12-19 13:43:41.914
654,1440857185,2584,NMN,NMN,2019-12-19 13:43:41.914
664,801553638,2074,NMN,NMN,2019-12-19 13:43:41.914
716,13310973259,3383,NMN,NMN,2019-12-19 13:43:41.914
723,15298342738,2091,NMN,NMN,2019-12-19 13:43:41.914
735,15194234534,2431,NMN,NMN,2019-12-19 13:43:41.914
750,21404641078,1904,NMN,NMN,2019-12-19 13:43:41.914
771,13855896053,2312,NMN,NMN,2019-12-19 13:43:41.914
826,1402802532,3264,NMN,NMN,2019-12-19 13:43:41.914
856,10820912845,2414,NMN,NMN,2019-12-19 13:43:41.914
867,885798294,3179,NMN,NMN,2019-12-19 13:43:41.914
877,1289980978,2312,NMN,NMN,2019-12-19 13:43:41.914
882,341459569,13957,NMN,NMN,2019-12-19 13:43:41.914
894,20354741070,1768,NMN,NMN,2019-12-19 13:43:41.914
897,27577793499,1870,NMN,NMN,2019-12-19 13:43:41.914
917,15466899676,3128,VSMP MMNPP JJ VNVJSTVMJNTPS SM,VSMP MMNPP JJ VNVJSTVMJNTPS SM,2019-12-19 13:43:41.914
944,1512032105,2346,NMN,NMN,2019-12-19 13:43:41.914
949,18273362781,2176,NMN,NMN,2019-12-19 13:43:41.914
975,1484171638,3315,NMN,NMN,2019-12-19 13:43:41.914
1004,280704833,2244,NMN,NMN,2019-12-19 13:43:41.914
1006,1297763459,2720,NMN,NMN,2019-12-19 13:43:41.914
1012,1770639420,1785,NMN,NMN,2019-12-19 13:43:41.914
1017,3040347048,2108,NMN,NMN,2019-12-19 13:43:41.914
24,1416960931,2448,MMNPP JM MMMZPNVM - MMSM JVRJPMP PJRML,MMNPP JM MMMZPNVM SM,2019-12-19 13:43:41.914
90,20237915132,1836,NMN,NMN,2019-12-19 13:43:41.914
121,17765603364,215781,NMN,NMN,2019-12-19 13:43:41.914
156,5375217352,3111,NMN,NMN,2019-12-19 13:43:41.914
157,5145351087,1785,NMN,NMN,2019-12-19 13:43:41.914
159,17765603364,2924,NMN,NMN,2019-12-19 13:43:41.914
172,4952931130,2210,NMN,NMN,2019-12-19 13:43:41.914
188,1209401131,1717,NMN,NMN,2019-12-19 13:43:41.914
196,17855656342,3247,NMN,NMN,2019-12-19 13:43:41.914
198,9835762131,2771,NMN,NMN,2019-12-19 13:43:41.914
200,768287715,2601,MMNPP PMTJRPVLLMR,MMNPP PMTJRPVLLMR S.M.,2019-12-19 13:43:41.914
219,13458961200,2533,NMN,NMN,2019-12-19 13:43:41.914
233,20263700579,3145,NMN,NMN,2019-12-19 13:43:41.914
236,9385241476,1734,NMN,NMN,2019-12-19 13:43:41.914
238,9372337337,1870,NMN,NMN,2019-12-19 13:43:41.914
264,18575780762,2465,NMN,NMN,2019-12-19 13:43:41.914
274,497221032,3298,NMN,NMN,2019-12-19 13:43:41.914
332,18634960737,3060,NMN,NMN,2019-12-19 13:43:41.914
355,5481387571,2006,NMN,NMN,2019-12-19 13:43:41.914
393,1053622328,1802,NMN,NMN,2019-12-19 13:43:41.914
419,2324962806,3077,NMN,NMN,2019-12-19 13:43:41.914
467,343320729,1870,NMN,NMN,2019-12-19 13:43:41.914
479,275247935,2805,NMN,NMN,2019-12-19 13:43:41.914
482,538739639,2550,NMN,NMN,2019-12-19 13:43:41.914
486,962125506,1870,NMN,NMN,2019-12-19 13:43:41.914
528,13604479347,3281,NMN,NMN,2019-12-19 13:43:41.914
539,2332638646,1921,NMN,NMN,2019-12-19 13:43:41.914
541,2526492332,2635,NMN,NMN,2019-12-19 13:43:41.914
544,2555937386,1972,NMN,NMN,2019-12-19 13:43:41.914
552,15385437512,2363,NMN,NMN,2019-12-19 13:43:41.914
571,20720916786,2550,NMN,NMN,2019-12-19 13:43:41.914
579,3441273280,1819,NMN,NMN,2019-12-19 13:43:41.914
632,667321230,9945,NMN,NMN,2019-12-19 13:43:41.914
667,17082548685,2533,MMNPP VPLKSWMPJN S.M.,MMNPP VPLKSWMPJN S.M.,2019-12-19 13:43:41.914
688,18147829273,2278,NMN,NMN,2019-12-19 13:43:41.914
697,864816894,2975,MMNPP PNV VNJZSTRVML PMPVTML S.M.,MMNPP PNV VNJZSTRVML PMPVTML S.M.,2019-12-19 13:43:41.914
706,1384785405,2380,NMN,NMN,2019-12-19 13:43:41.914
733,982788139,2839,NMN,NMN,2019-12-19 13:43:41.914
770,13018198919,1819,NMN,NMN,2019-12-19 13:43:41.914
794,2273774837,3009,NMN,NMN,2019-12-19 13:43:41.914
868,9729822245,3128,NMN,NMN,2019-12-19 13:43:41.914
869,1030763295,1870,NMN,NMN,2019-12-19 13:43:41.914
890,21981339133,1989,NMN,NMN,2019-12-19 13:43:41.914
923,11122690113,3298,MMNPP JJ JJSJNVPLVVMJNTP JJ MVNMS PJRMVS S.M – MJMP,MMNPP JJ JJSJNVPLVVMJNTP JJ MVNMS PJRMVS S.M – MJMP,2019-12-19 13:43:41.914
929,371758329,1853,NMN,NMN,2019-12-19 13:43:41.914
930,2208770067,3383,NMN,NMN,2019-12-19 13:43:41.914
947,3774118048,2839,NMN,NMN,2019-12-19 13:43:41.914
1007,1326006562,1717,NMN,NMN,2019-12-19 13:43:41.914
1013,922063170,2346,NMN,NMN,2019-12-19 13:43:41.914
1019,2543529171,2482,NMN,NMN,2019-12-19 13:43:41.914
1024,2179698979,1751,NMN,NMN,2019-12-19 13:43:41.914
1,9876194098,5406,SPP MRMSVL,PPNJJJJRMPMP NMPVPNML JVRVPJNTJS LPJVSTMS,2019-12-19 13:43:41.914
10,22724869663,2040,MMNPP PZRVNVJST S/M,MMNPP PZRVNVJST S/M,2019-12-19 13:43:41.914
42,16766964731,2890,MMNPP VPLVP (MRMSVL) S.M,MMNPP VPLVP (MRMSVL) S.M,2019-12-19 13:43:41.914
84,1224612357,2465,NMN,NMN,2019-12-19 13:43:41.914
99,1602617710,1819,NMN,NMN,2019-12-19 13:43:41.914
108,17765603364,28203,NMN,NMN,2019-12-19 13:43:41.914
112,17765603364,85850,NMN,NMN,2019-12-19 13:43:41.914
123,17765603364,236436,NMN,NMN,2019-12-19 13:43:41.914
149,26125856632,3095190,NMN,NMN,2019-12-19 13:43:41.914
163,26125856632,3585283,NMN,NMN,2019-12-19 13:43:41.914
164,2761244720,1819,NMN,NMN,2019-12-19 13:43:41.914
194,13132677021,2618,NMN,NMN,2019-12-19 13:43:41.914
213,1420062479,1836,MMNPMRM,MMNPP JP JSTMJP JP PMRM S M,2019-12-19 13:43:41.914
234,30686020,3230,NMN,NMN,2019-12-19 13:43:41.914
253,23413063340,2805,NMN,NMN,2019-12-19 13:43:41.914
279,24649123854,1717,NMN,NMN,2019-12-19 13:43:41.914
305,232369294,2771,NMN,NMN,2019-12-19 13:43:41.914
309,20587849048,2040,NMN,NMN,2019-12-19 13:43:41.914
311,20539110643,2261,NMN,NMN,2019-12-19 13:43:41.914
363,19301773038,2941,NMN,NMN,2019-12-19 13:43:41.914
369,15587223381,2057,NMN,NMN,2019-12-19 13:43:41.914
372,15583780524,2873,NMN,NMN,2019-12-19 13:43:41.914
407,1503841845,1717,NMN,NMN,2019-12-19 13:43:41.914
415,2054254194,1734,NMN,NMN,2019-12-19 13:43:41.914
436,8257383429,1751,NMN,NMN,2019-12-19 13:43:41.914
513,1514827891,1717,NMN,NMN,2019-12-19 13:43:41.914
525,1997122073,1870,NMN,NMN,2019-12-19 13:43:41.914
526,14880412902,2023,NMN,NMN,2019-12-19 13:43:41.914
561,2965797764,1700,NMN,NMN,2019-12-19 13:43:41.914
567,1294208759,2822,NMN,NMN,2019-12-19 13:43:41.914
606,6827230804,3315,NMN,NMN,2019-12-19 13:43:41.914
639,667321230,20468,NMN,NMN,2019-12-19 13:43:41.914
642,667321230,27846,NMN,NMN,2019-12-19 13:43:41.914
665,26790897363,3332,MMNPP JP JSTMJP JP RVP PRMNJJ JP SZL S/M,MMNRVSZL,2019-12-19 13:43:41.914
678,4849345149,2584,NMN,NMN,2019-12-19 13:43:41.914
692,1308399815,1921,NMN,NMN,2019-12-19 13:43:41.914
693,18947030162,1717,NMN,NMN,2019-12-19 13:43:41.914
707,19461689743,2499,NMN,NMN,2019-12-19 13:43:41.914
711,16761097742,2482,NMN,NMN,2019-12-19 13:43:41.914
712,5031867723,3196,NMN,NMN,2019-12-19 13:43:41.914
714,442209304,2992,NMN,NMN,2019-12-19 13:43:41.914
747,21083167882,1700,NMN,NMN,2019-12-19 13:43:41.914
752,25086338371,1700,NMN,NMN,2019-12-19 13:43:41.914
776,12586831161,3128,NMN,NMN,2019-12-19 13:43:41.914
812,9543087496,2176,NMN,NMN,2019-12-19 13:43:41.914
814,25403218779,1887,NMN,NMN,2019-12-19 13:43:41.914
839,25443057140,1785,NMN,NMN,2019-12-19 13:43:41.914
874,845318353,2040,NMN,NMN,2019-12-19 13:43:41.914
883,27516617979,2023,NMN,NMN,2019-12-19 13:43:41.914
899,25368497452,2907,NMN,NMN,2019-12-19 13:43:41.914
940,2096005446,1700,NMN,NMN,2019-12-19 13:43:41.914
965,334026489,3383,NMN,NMN,2019-12-19 13:43:41.914
990,2738612552,2414,NMN,NMN,2019-12-19 13:43:41.914
991,3038017419,2601,NMN,NMN,2019-12-19 13:43:41.914
1009,2085317648,1887,NMN,NMN,2019-12-19 13:43:41.914
1011,2100596211,2737,NMN,NMN,2019-12-19 13:43:41.914
12,479285114,1836,PPPPJRJPRTJ,PPPPJRJPRTJ- PPPP JJ JPPN. J PRJJ. MZTZP JPS JZNPV.JJ VNSTVTZVPPJS JVNMNPJVRMS PZMLVPMS JJJJRMVS LTJ,2019-12-19 13:43:41.914
18,4832391542,2295,SVPPPM PPPPSJJ,PPPPJRMTVVM JJ JPPNPMVM J PRJJVTP MZTZP JPS JZNP. JM SJPRJTMRVM JJ JSTMJP JM JMZJNJM JJ MP J PRPMPS,2019-12-19 13:43:41.914
48,22587415194,2244,PRJJVMLVMNÇM,PRJJVMLVMNÇM PPPPJRMTVVM JJ PRÉJVTP RZRML,2019-12-19 13:43:41.914
50,295811730,2720,RMMPMMNK VNTJRNMTVPNML MRMSVL S.M.,RMMPMMNK VNTJRNMTVPNML MRMSVL S.M.,2019-12-19 13:43:41.914
61,110768209,1853,NMN,NMN,2019-12-19 13:43:41.914
64,26125856632,2414,MMNPP SMNTMNJJR,MMNPP SMNTMNJJR S/M,2019-12-19 13:43:41.914
66,4966186693,1870,MMNPP MJRPMNTVL JP MRMSVL SM,MMNPP MJRPMNTVL JP MRMSVL SM,2019-12-19 13:43:41.914
74,921958263,2550,NMN,NMN,2019-12-19 13:43:41.914
98,24078152912,3060,NMN,NMN,2019-12-19 13:43:41.914
102,1749965805,1700,NMN,NMN,2019-12-19 13:43:41.914
120,17765603364,170918,NMN,NMN,2019-12-19 13:43:41.914
127,17765603364,330378,NMN,NMN,2019-12-19 13:43:41.914
181,5145173063,2482,NMN,NMN,2019-12-19 13:43:41.914
199,17484082973,2142,MMNPP MZJP MRMSVL S.M,MMNPP MZJP MRMSVL S.M,2019-12-19 13:43:41.914
210,73246472,1989,MMNPP NJPN S/M,MMNPP NJPN S/M,2019-12-19 13:43:41.914
244,21393802422,2210,NMN,NMN,2019-12-19 13:43:41.914
247,7400202493,2397,NMN,NMN,2019-12-19 13:43:41.914
284,23493468342,3077,NMN,NMN,2019-12-19 13:43:41.914
291,7346581144,2312,NMN,NMN,2019-12-19 13:43:41.914
296,7535018392,1904,NMN,NMN,2019-12-19 13:43:41.914
317,20521669493,3077,NMN,NMN,2019-12-19 13:43:41.914
330,7406055610,2839,NMN,NMN,2019-12-19 13:43:41.914
334,6319474566,1938,NMN,NMN,2019-12-19 13:43:41.914
339,20646566334,2686,NMN,NMN,2019-12-19 13:43:41.914
340,12408155466,1700,NMN,NMN,2019-12-19 13:43:41.914
341,12118122869,2720,NMN,NMN,2019-12-19 13:43:41.914
348,463844422,1768,NMN,NMN,2019-12-19 13:43:41.914
349,19190237823,1853,NMN,NMN,2019-12-19 13:43:41.914
378,707217680,2839,NMN,NMN,2019-12-19 13:43:41.914
382,730635639,2414,NMN,NMN,2019-12-19 13:43:41.914
430,20605092811,1734,NMN,NMN,2019-12-19 13:43:41.914
438,450815146,2550,NMN,NMN,2019-12-19 13:43:41.914
452,502679375,2210,NMN,NMN,2019-12-19 13:43:41.914
465,645158687,2703,NMN,NMN,2019-12-19 13:43:41.914
469,24228636946,1717,NMN,NMN,2019-12-19 13:43:41.914
470,24321219830,2363,NMN,NMN,2019-12-19 13:43:41.914
478,12077600445,2839,NMN,NMN,2019-12-19 13:43:41.914
493,264709550,2482,NMN,NMN,2019-12-19 13:43:41.914
503,1159806708,2550,NMN,NMN,2019-12-19 13:43:41.914
504,1190862937,3298,NMN,NMN,2019-12-19 13:43:41.914
549,2950579891,2788,NMN,NMN,2019-12-19 13:43:41.914
556,2753322941,2414,NMN,NMN,2019-12-19 13:43:41.914
580,1046403108,1938,NMN,NMN,2019-12-19 13:43:41.914
628,872108653,2040,NMN,NMN,2019-12-19 13:43:41.914
650,1044088796,8143,NMN,NMN,2019-12-19 13:43:41.914
655,1571993825,1955,NMN,NMN,2019-12-19 13:43:41.914
729,21119368022,2346,NMN,NMN,2019-12-19 13:43:41.914
760,17783205776,2635,MMNPP SPPVJTJ PJNJRMLJ MRMSVL S.M.,MMNPP SPPVJTJ PJNJRMLJ MRMSVL S.M.,2019-12-19 13:43:41.914
777,12479678342,2210,NMN,NMN,2019-12-19 13:43:41.914
795,93607678,2873,NMN,NMN,2019-12-19 13:43:41.914
800,8719849899,2023,NMN,NMN,2019-12-19 13:43:41.914
834,5769153252,3315,NMN,NMN,2019-12-19 13:43:41.914
841,22846063258,3077,NMN,NMN,2019-12-19 13:43:41.914
853,9543557410,2363,NMN,NMN,2019-12-19 13:43:41.914
860,25757451570,3213,NMN,NMN,2019-12-19 13:43:41.914
875,2082554808,2363,NMN,NMN,2019-12-19 13:43:41.914
889,22537627430,3009,NMN,NMN,2019-12-19 13:43:41.914
933,3310126236,1819,NMN,NMN,2019-12-19 13:43:41.914
953,1991268089,3366,NMN,NMN,2019-12-19 13:43:41.914
973,779722289,3179,NMN,NMN,2019-12-19 13:43:41.914
979,2544807418,1938,NMN,NMN,2019-12-19 13:43:41.914
998,1335947873,2397,NMN,NMN,2019-12-19 13:43:41.914
1000,2453140953,2431,NMN,NMN,2019-12-19 13:43:41.914
1020,1332716564,1870,NMN,NMN,2019-12-19 13:43:41.914
1022,2186049176,2737,NMN,NMN,2019-12-19 13:43:41.914
11,22097389973,3247,PPPPJRMTVVM JJ PRJJVTP RZRML PPPPMVJL,PRJJVPPPPMVJL,2019-12-19 13:43:41.914
14,9549181639,2737,MMNPP JJ LM NMPVPN MRPJNTVNM,MMNPP JJ LM NMPVPN MRPJNTVNM,2019-12-19 13:43:41.914
35,9213558714,1972,MMNPP PZMNMMMRM S/M,MMNPP PZMNMMMRM S/M,2019-12-19 13:43:41.914
37,17130360845,1921,MMNPP PMMP S.M.,MMNPP PMMP S.M.,2019-12-19 13:43:41.914
53,4968618339,2890,NMN,NMN,2019-12-19 13:43:41.914
57,637700753,3060,NMN,NMN,2019-12-19 13:43:41.914
62,9727902996,1700,NMN,NMN,2019-12-19 13:43:41.914
63,21420212109,2448,NMN,NMN,2019-12-19 13:43:41.914
77,3830784012,2040,NMN,NMN,2019-12-19 13:43:41.914
80,1196013495,2193,NMN,NMN,2019-12-19 13:43:41.914
85,11922760025,2992,NMN,NMN,2019-12-19 13:43:41.914
86,20299839162,2890,NMN,NMN,2019-12-19 13:43:41.914
92,2324123550,2992,NMN,NMN,2019-12-19 13:43:41.914
106,17765603364,14433,NMN,NMN,2019-12-19 13:43:41.914
117,17765603364,159630,NMN,NMN,2019-12-19 13:43:41.914
122,17765603364,227817,NMN,NMN,2019-12-19 13:43:41.914
136,2427548269,2618,NMN,NMN,2019-12-19 13:43:41.914
151,2227510850,174488,NMN,NMN,2019-12-19 13:43:41.914
160,9556191912,1955,NMN,NMN,2019-12-19 13:43:41.914
187,13638820061,1802,NMN,NMN,2019-12-19 13:43:41.914
205,12770750183,2142,MMNPP JJ LM PRPVVNPVM JJ MZJNPS MVRJS,MMNPP JJ LM PRPVVNPVM JJ MZJNPS MVRJS,2019-12-19 13:43:41.914
214,1745721551,2057,KRJJVLVP S.M,"KRJJVLVP S.M. - PRJJVTP, JVNMNPVMMJNTP J VNVJSTVMJNTP",2019-12-19 13:43:41.914
217,17562627104,2805,NMN,NMN,2019-12-19 13:43:41.914
221,9711399073,2380,MMNPP RPJPMJNS,MMNPP RPJPMJNS S.M.,2019-12-19 13:43:41.914
246,594641776,2839,NMN,NMN,2019-12-19 13:43:41.914
266,7165769161,2482,NMN,NMN,2019-12-19 13:43:41.914
282,23515317320,2210,NMN,NMN,2019-12-19 13:43:41.914
288,401609139,3196,NMN,NMN,2019-12-19 13:43:41.914
303,124238210,2567,NMN,NMN,2019-12-19 13:43:41.914
318,6950134990,1734,NMN,NMN,2019-12-19 13:43:41.914
323,20665382257,1989,NMN,NMN,2019-12-19 13:43:41.914
333,20632301583,3332,NMN,NMN,2019-12-19 13:43:41.914
351,6567441190,1785,NMN,NMN,2019-12-19 13:43:41.914
361,17302302840,2040,NMN,NMN,2019-12-19 13:43:41.914
403,1268330832,3060,NMN,NMN,2019-12-19 13:43:41.914
437,578258655,3230,NMN,NMN,2019-12-19 13:43:41.914
451,475192296,2380,NMN,NMN,2019-12-19 13:43:41.914
459,374555560,3315,NMN,NMN,2019-12-19 13:43:41.914
489,18112632830,2941,NMN,NMN,2019-12-19 13:43:41.914
492,1041464387,2720,NMN,NMN,2019-12-19 13:43:41.914
506,623955046,3196,NMN,NMN,2019-12-19 13:43:41.914
532,2115154586,2210,NMN,NMN,2019-12-19 13:43:41.914
563,1219353135,2703,NMN,NMN,2019-12-19 13:43:41.914
569,882972741,2771,NMN,NMN,2019-12-19 13:43:41.914
588,3906427450,3264,NMN,NMN,2019-12-19 13:43:41.914
636,667321230,15453,NMN,NMN,2019-12-19 13:43:41.914
637,667321230,17714,NMN,NMN,2019-12-19 13:43:41.914
652,1151773375,3859,NMN,NMN,2019-12-19 13:43:41.914
676,2333776728,2006,NMN,NMN,2019-12-19 13:43:41.914
696,17592292087,3196,NMN,NMN,2019-12-19 13:43:41.914
708,434931128,1785,NMN,NMN,2019-12-19 13:43:41.914
710,13912727325,2788,NMN,NMN,2019-12-19 13:43:41.914
727,12504729440,2380,NMN,NMN,2019-12-19 13:43:41.914
731,15005025078,2907,NMN,NMN,2019-12-19 13:43:41.914
734,15091247361,2210,NMN,NMN,2019-12-19 13:43:41.914
740,1065061815,3213,NMN,NMN,2019-12-19 13:43:41.914
768,19743012169,2754,NMN,NMN,2019-12-19 13:43:41.914
789,315017803,3145,NMN,NMN,2019-12-19 13:43:41.914
802,14695334990,1785,NMN,NMN,2019-12-19 13:43:41.914
811,1756809614,3162,NMN,NMN,2019-12-19 13:43:41.914
827,7631958529,1734,NMN,NMN,2019-12-19 13:43:41.914
854,7667002380,2601,NMN,NMN,2019-12-19 13:43:41.914
888,23186693686,2516,NMN,NMN,2019-12-19 13:43:41.914
891,22856142133,1734,NMN,NMN,2019-12-19 13:43:41.914
898,928505847,3043,NMN,NMN,2019-12-19 13:43:41.914
903,22661665363,2720,NMN,NMN,2019-12-19 13:43:41.914
905,16660171717,3128,NMN,NMN,2019-12-19 13:43:41.914
909,26220787641,2074,NMN,NMN,2019-12-19 13:43:41.914
910,2990624309,1751,NMN,NMN,2019-12-19 13:43:41.914
926,17596957992,3060,MMNPP SPJVSM S.M,MMNPP SPJVSM S.M,2019-12-19 13:43:41.914
981,886129777,2907,NMN,NMN,2019-12-19 13:43:41.914
996,1231472639,2618,NMN,NMN,2019-12-19 13:43:41.914
1001,534165058,2686,NMN,NMN,2019-12-19 13:43:41.914
33,17575301199,2669,MMNPP MJRPJJJS-MJNZ JP MRMSVL,MMNPP MJRPJJJS-MJNZ JP MRMSVL S/M,2019-12-19 13:43:41.914
43,2415242360,2550,MMNPP PSJ S.M.,MMNPP PSJ S.M.,2019-12-19 13:43:41.914
54,224264,1717,NMN,NMN,2019-12-19 13:43:41.914
68,17177675925,1717,NMN,NMN,2019-12-19 13:43:41.914
103,1012355729,3264,NMN,NMN,2019-12-19 13:43:41.914
130,17765603364,439161,NMN,NMN,2019-12-19 13:43:41.914
134,1308160812,3213,NMN,NMN,2019-12-19 13:43:41.914
161,3140501732,3009,NMN,NMN,2019-12-19 13:43:41.914
179,4952944713,2805,NMN,NMN,2019-12-19 13:43:41.914
189,9788477107,3128,NMN,NMN,2019-12-19 13:43:41.914
193,26330219803,2686,NMN,NMN,2019-12-19 13:43:41.914
195,25802197440,2822,NMN,NMN,2019-12-19 13:43:41.914
203,26846632458,1836,MMNPP PRVPVNML,MMNPP PRVPVNML S/M,2019-12-19 13:43:41.914
209,26840664030,2380,MMNPP M J RJNNJR,MMNPP M J RJNNJR SM,2019-12-19 13:43:41.914
263,12050462767,2210,NMN,NMN,2019-12-19 13:43:41.914
272,28137272356,2261,NMN,NMN,2019-12-19 13:43:41.914
273,462787838,2040,NMN,NMN,2019-12-19 13:43:41.914
275,604046414,2040,NMN,NMN,2019-12-19 13:43:41.914
297,19148882790,3060,NMN,NMN,2019-12-19 13:43:41.914
345,12053397562,1700,NMN,NMN,2019-12-19 13:43:41.914
371,473367261,2720,NMN,NMN,2019-12-19 13:43:41.914
390,970726146,1989,NMN,NMN,2019-12-19 13:43:41.914
398,1078116812,2261,NMN,NMN,2019-12-19 13:43:41.914
402,1247704324,2754,NMN,NMN,2019-12-19 13:43:41.914
410,1509185166,2839,NMN,NMN,2019-12-19 13:43:41.914
420,25023079161,3043,NMN,NMN,2019-12-19 13:43:41.914
453,481984374,3349,NMN,NMN,2019-12-19 13:43:41.914
461,586999171,2176,NMN,NMN,2019-12-19 13:43:41.914
463,599036310,2482,NMN,NMN,2019-12-19 13:43:41.914
484,21123827003,2482,NMN,NMN,2019-12-19 13:43:41.914
509,19234587185,2890,NMN,NMN,2019-12-19 13:43:41.914
572,364000702,1819,NMN,NMN,2019-12-19 13:43:41.914
589,4059441968,1717,NMN,NMN,2019-12-19 13:43:41.914
622,1405291400,1870,"PPRTPSJP S/M - PRJJVTP, JVNMNPVMMJNTP J VNVJSTVMJNTP","PPRTPSJP S/M - PRJJVTP, JVNMNPVMMJNTP J VNVJSTVMJNTP",2019-12-19 13:43:41.914
638,667321230,19091,NMN,NMN,2019-12-19 13:43:41.914
675,23882801339,2346,NMN,NMN,2019-12-19 13:43:41.914
682,2953138986,2856,NMN,NMN,2019-12-19 13:43:41.914
690,577309868,2771,NMN,NMN,2019-12-19 13:43:41.914
694,10664173984,1700,NMN,NMN,2019-12-19 13:43:41.914
699,1388458017,1751,NMN,NMN,2019-12-19 13:43:41.914
700,12555990815,2380,NMN,NMN,2019-12-19 13:43:41.914
732,282414268,2091,NMN,NMN,2019-12-19 13:43:41.914
739,13921956540,2363,NMN,NMN,2019-12-19 13:43:41.914
741,611486430,2227,NMN,NMN,2019-12-19 13:43:41.914
787,24087367966,2550,NMN,NMN,2019-12-19 13:43:41.914
791,2280464320,2856,NMN,NMN,2019-12-19 13:43:41.914
792,2280470100,1853,NMN,NMN,2019-12-19 13:43:41.914
817,25690524372,2941,NMN,NMN,2019-12-19 13:43:41.914
833,26818206996,1853,NMN,NMN,2019-12-19 13:43:41.914
845,7672750879,1802,NMN,NMN,2019-12-19 13:43:41.914
893,23464518634,2312,NMN,NMN,2019-12-19 13:43:41.914
925,2691678374,1853,PMRZMNM SM SPPVJJMJJ JJ PRJJVTP JVNMNPVMMJNTP J VNVJSTVMJNTP,PMRZMNM SM SPPVJJMJJ JJ PRJJVTP JVNMNPVMMJNTP J VNVJSTVMJNTP,2019-12-19 13:43:41.914
931,1485103374,2550,NMN,NMN,2019-12-19 13:43:41.914
935,967619685,2499,NMN,NMN,2019-12-19 13:43:41.914
939,1508650227,2703,NMN,NMN,2019-12-19 13:43:41.914
1003,280705700,2006,NMN,NMN,2019-12-19 13:43:41.914
1021,1133325927,2210,NMN,NMN,2019-12-19 13:43:41.914
1023,5012274390,2788,NMN,NMN,2019-12-19 13:43:41.914
55,1988868522,2210,NMN,NMN,2019-12-19 13:43:41.914
89,10280090961,2227,NMN,NMN,2019-12-19 13:43:41.914
97,2353421214,3060,NMN,NMN,2019-12-19 13:43:41.914
100,1617756397,1870,NMN,NMN,2019-12-19 13:43:41.914
135,245524863,2329,NMN,NMN,2019-12-19 13:43:41.914
139,1012357752,1768,NMN,NMN,2019-12-19 13:43:41.914
208,19764421,1819,NMN,NMN,2019-12-19 13:43:41.914
248,22783307775,1734,NMN,NMN,2019-12-19 13:43:41.914
251,23397327868,2465,NMN,NMN,2019-12-19 13:43:41.914
258,7166920537,1717,NMN,NMN,2019-12-19 13:43:41.914
262,11151982286,3230,NMN,NMN,2019-12-19 13:43:41.914
268,7176124031,2839,NMN,NMN,2019-12-19 13:43:41.914
280,22791141987,1955,NMN,NMN,2019-12-19 13:43:41.914
306,18854187178,3383,NMN,NMN,2019-12-19 13:43:41.914
307,6921411858,2210,NMN,NMN,2019-12-19 13:43:41.914
310,7377809617,1751,NMN,NMN,2019-12-19 13:43:41.914
321,7617966305,2295,NMN,NMN,2019-12-19 13:43:41.914
325,7565596037,2567,NMN,NMN,2019-12-19 13:43:41.914
327,20563759164,2210,NMN,NMN,2019-12-19 13:43:41.914
337,7337036919,3196,NMN,NMN,2019-12-19 13:43:41.914
364,14273509723,1955,NMN,NMN,2019-12-19 13:43:41.914
374,15497272709,2329,NMN,NMN,2019-12-19 13:43:41.914
377,659545685,2193,NMN,NMN,2019-12-19 13:43:41.914
396,1019708178,2567,NMN,NMN,2019-12-19 13:43:41.914
406,1373245057,2516,NMN,NMN,2019-12-19 13:43:41.914
423,10715023245,2720,NMN,NMN,2019-12-19 13:43:41.914
433,18709605969,2244,NMN,NMN,2019-12-19 13:43:41.914
434,10716039080,1734,NMN,NMN,2019-12-19 13:43:41.914
439,20628365114,2057,NMN,NMN,2019-12-19 13:43:41.914
443,508709938,2482,NMN,NMN,2019-12-19 13:43:41.914
448,491199428,2193,NMN,NMN,2019-12-19 13:43:41.914
454,5003890789,2465,NMN,NMN,2019-12-19 13:43:41.914
462,697658716,3281,NMN,NMN,2019-12-19 13:43:41.914
468,753222145,3009,NMN,NMN,2019-12-19 13:43:41.914
494,16768414355,2550,NMN,NMN,2019-12-19 13:43:41.914
497,1078651751,2397,NMN,NMN,2019-12-19 13:43:41.914
523,1308902386,2890,NMN,NMN,2019-12-19 13:43:41.914
535,19627685852,3264,NMN,NMN,2019-12-19 13:43:41.914
576,3342316501,3264,NMN,NMN,2019-12-19 13:43:41.914
603,464909965,1972,NMN,NMN,2019-12-19 13:43:41.914
604,6499975007,3111,NMN,NMN,2019-12-19 13:43:41.914
623,14258352540,3230,VNP MMNK,VNP MMNK N.V. JVLVML JJ SÃP PMZLP,2019-12-19 13:43:41.914
625,2153224556,3213,NMN,NMN,2019-12-19 13:43:41.914
627,20149342990,2465,NMN,NMN,2019-12-19 13:43:41.914
641,667321230,26469,NMN,NMN,2019-12-19 13:43:41.914
649,1044088796,6766,NMN,NMN,2019-12-19 13:43:41.914
660,6101057903,5372,NMN,NMN,2019-12-19 13:43:41.914
661,6101057903,6885,NMN,NMN,2019-12-19 13:43:41.914
677,2557827157,2040,NMN,NMN,2019-12-19 13:43:41.914
679,2749123771,1734,NMN,NMN,2019-12-19 13:43:41.914
728,12993145509,2550,NMN,NMN,2019-12-19 13:43:41.914
737,254848581,2380,NMN,NMN,2019-12-19 13:43:41.914
742,734553323,2210,NMN,NMN,2019-12-19 13:43:41.914
745,320142351,2210,NMN,NMN,2019-12-19 13:43:41.914
774,211351480,1887,NMN,NMN,2019-12-19 13:43:41.914
799,2215366203,1700,NMN,NMN,2019-12-19 13:43:41.914
823,23543756654,1785,NMN,NMN,2019-12-19 13:43:41.914
832,26468637798,1853,NMN,NMN,2019-12-19 13:43:41.914
904,22849372886,2873,NMN,NMN,2019-12-19 13:43:41.914
959,1539399827,2431,NMN,NMN,2019-12-19 13:43:41.914
972,2083296093,1989,NMN,NMN,2019-12-19 13:43:41.914
978,2726138445,3094,NMN,NMN,2019-12-19 13:43:41.914
988,313952838,2363,NMN,NMN,2019-12-19 13:43:41.914
67,17555867972,1904,MMNPP MRMJJSPP,MMNPP MRMJJSPP S.M.,2019-12-19 13:43:41.914
83,20882502177,2210,NMN,NMN,2019-12-19 13:43:41.914
109,17765603364,29410,NMN,NMN,2019-12-19 13:43:41.914
110,17765603364,45917,NMN,NMN,2019-12-19 13:43:41.914
143,2467424200,2686,NMN,NMN,2019-12-19 13:43:41.914
154,2227510850,135660,NMN,NMN,2019-12-19 13:43:41.914
162,17612422382,2941,NMN,NMN,2019-12-19 13:43:41.914
165,3779392587,2958,NMN,NMN,2019-12-19 13:43:41.914
185,18010019623,2023,NMN,NMN,2019-12-19 13:43:41.914
186,21143136538,1717,NMN,NMN,2019-12-19 13:43:41.914
201,9858133043,1904,VMVTPNP MMNPP JJ VNVJSTVMJNTP JP MRMSVL,VMVTPNP MMNPP JJ VNVJSTVMJNTP JP MRMSVL S.M.,2019-12-19 13:43:41.914
204,120503752,1717,MMNPP VNTJR,MMNPP VNTJR S.M.,2019-12-19 13:43:41.914
224,9371776966,2431,NMN,NMN,2019-12-19 13:43:41.914
228,23166315140,2771,NMN,NMN,2019-12-19 13:43:41.914
229,18472180331,2907,NMN,NMN,2019-12-19 13:43:41.914
265,7337032295,3315,NMN,NMN,2019-12-19 13:43:41.914
281,22681676590,1700,NMN,NMN,2019-12-19 13:43:41.914
15,157206752,2788,ZNVPRJJ PJNTRML SP/PR,PPPPJRMTVVM PJNTRML JJ JPPNPMVM J PRÉJVTP MÚTZP JMS ZNVPRJJ’S JJ SMNTM PMTMRVNM J JP PMRMNÁ LTJM,2019-12-19 13:43:41.914
19,3316758497,2363,MMNPP RMNJPN,MMNPP RMNJPN SM,2019-12-19 13:43:41.914
23,18013724892,1887,JJZTSPVJ MMNK S.M.,JJZTSPVJ MMNK SM MMNPP MLJMMP,2019-12-19 13:43:41.914
25,8879203054,2754,MMNPP MPJML S.M.,MMNPP MPJML S.M.,2019-12-19 13:43:41.914
31,9822472177,2261,MMNPP JJ VNVJSTVMJNTPS PRJJVT SZVSSJ (MRMSVL) S.M.,MMNPP JJ VNVJSTVMJNTPS PRJJVT SZVSSJ (MRMSVL) S.M.,2019-12-19 13:43:41.914
78,2623348081,2125,NMN,NMN,2019-12-19 13:43:41.914
114,17765603364,132090,NMN,NMN,2019-12-19 13:43:41.914
145,2469754407,2652,NMN,NMN,2019-12-19 13:43:41.914
168,4548968953,2618,NMN,NMN,2019-12-19 13:43:41.914
171,3772241571,3383,NMN,NMN,2019-12-19 13:43:41.914
212,9610498191,1700,NMN,NMN,2019-12-19 13:43:41.914
216,960589760,3111,MMNPP MLJM S.M.,MMNPP MLJM S.M.,2019-12-19 13:43:41.914
260,12066761500,3077,NMN,NMN,2019-12-19 13:43:41.914
312,6260087378,2618,NMN,NMN,2019-12-19 13:43:41.914
331,7380124796,2159,NMN,NMN,2019-12-19 13:43:41.914
342,19149903827,1887,NMN,NMN,2019-12-19 13:43:41.914
360,332956033,1870,NMN,NMN,2019-12-19 13:43:41.914
376,12042406603,1717,NMN,NMN,2019-12-19 13:43:41.914
384,831429302,2108,NMN,NMN,2019-12-19 13:43:41.914
389,988318154,2958,NMN,NMN,2019-12-19 13:43:41.914
397,1010674327,2533,NMN,NMN,2019-12-19 13:43:41.914
399,1227489930,3213,NMN,NMN,2019-12-19 13:43:41.914
412,1049900008,2720,NMN,NMN,2019-12-19 13:43:41.914
413,1694098348,2414,NMN,NMN,2019-12-19 13:43:41.914
441,5058332609,2397,NMN,NMN,2019-12-19 13:43:41.914
474,301278743,2346,NMN,NMN,2019-12-19 13:43:41.914
488,959631725,1700,NMN,NMN,2019-12-19 13:43:41.914
500,14181227110,1751,NMN,NMN,2019-12-19 13:43:41.914
531,2079156457,3009,NMN,NMN,2019-12-19 13:43:41.914
553,2717474514,2635,NMN,NMN,2019-12-19 13:43:41.914
555,1396926295,1700,NMN,NMN,2019-12-19 13:43:41.914
564,148210471,1853,NMN,NMN,2019-12-19 13:43:41.914
568,21121730597,2363,NMN,NMN,2019-12-19 13:43:41.914
577,74917759,1938,NMN,NMN,2019-12-19 13:43:41.914
585,880741661,2040,NMN,NMN,2019-12-19 13:43:41.914
666,26788270931,2108,NMN,NMN,2019-12-19 13:43:41.914
668,14431808895,1887,NMN,NMN,2019-12-19 13:43:41.914
702,18080421468,2839,NMN,NMN,2019-12-19 13:43:41.914
759,9723172644,1802,MMNPP JMTPR S/M,MMNPP JMTPR S/M,2019-12-19 13:43:41.914
785,415901923,1717,NMN,NMN,2019-12-19 13:43:41.914
821,23437752899,2907,NMN,NMN,2019-12-19 13:43:41.914
829,879310533,2125,NMN,NMN,2019-12-19 13:43:41.914
837,25856415285,1717,NMN,NMN,2019-12-19 13:43:41.914
852,1296017610,1836,NMN,NMN,2019-12-19 13:43:41.914
908,25355059530,2057,NMN,NMN,2019-12-19 13:43:41.914
911,22929857941,2601,NMN,NMN,2019-12-19 13:43:41.914
958,2423917562,1734,NMN,NMN,2019-12-19 13:43:41.914
960,3248139204,1700,NMN,NMN,2019-12-19 13:43:41.914
989,347090734,3230,NMN,NMN,2019-12-19 13:43:41.914
1002,2171193420,1802,NMN,NMN,2019-12-19 13:43:41.914
1014,2171604378,1853,NMN,NMN,2019-12-19 13:43:41.914
1018,725746048,2210,NMN,NMN,2019-12-19 13:43:41.914
304,20561324050,2295,NMN,NMN,2019-12-19 13:43:41.914
359,232149943,3366,NMN,NMN,2019-12-19 13:43:41.914
388,986321742,2074,NMN,NMN,2019-12-19 13:43:41.914
405,1362832965,1751,NMN,NMN,2019-12-19 13:43:41.914
417,2196170534,2193,NMN,NMN,2019-12-19 13:43:41.914
442,7330084735,1751,NMN,NMN,2019-12-19 13:43:41.914
449,5017483904,2295,NMN,NMN,2019-12-19 13:43:41.914
455,201898001,3162,NMN,NMN,2019-12-19 13:43:41.914
464,651514664,2686,NMN,NMN,2019-12-19 13:43:41.914
477,807685929,3366,NMN,NMN,2019-12-19 13:43:41.914
516,1558522090,2618,NMN,NMN,2019-12-19 13:43:41.914
540,2541837365,1802,NMN,NMN,2019-12-19 13:43:41.914
546,2760560079,3145,NMN,NMN,2019-12-19 13:43:41.914
584,10807270311,2839,NMN,NMN,2019-12-19 13:43:41.914
591,4310122591,3060,NMN,NMN,2019-12-19 13:43:41.914
600,452584982,3383,NMN,NMN,2019-12-19 13:43:41.914
615,21163664786,2652,MMNPP RJNMZLT,MJMVNVSTRMJPRM JJ PPNSPRPVP RPV MRMSVL LTJM,2019-12-19 13:43:41.914
630,667321230,5321,NMN,NMN,2019-12-19 13:43:41.914
633,667321230,11322,NMN,NMN,2019-12-19 13:43:41.914
643,931375617,2210,NMN,NMN,2019-12-19 13:43:41.914
647,1044088796,2142,NMN,NMN,2019-12-19 13:43:41.914
674,1244535439,3162,NMN,NMN,2019-12-19 13:43:41.914
684,695099621,2176,NMN,NMN,2019-12-19 13:43:41.914
687,2979942002,1870,NMN,NMN,2019-12-19 13:43:41.914
701,16484099912,2890,NMN,NMN,2019-12-19 13:43:41.914
758,3089655072,2431,MMNK PJ PVVNM MRMSVL,MMNPP JM PVVNM MRMSVL S.M,2019-12-19 13:43:41.914
844,24557566342,2550,NMN,NMN,2019-12-19 13:43:41.914
849,25369601432,2856,NMN,NMN,2019-12-19 13:43:41.914
862,26153706984,2533,NMN,NMN,2019-12-19 13:43:41.914
876,21129727227,1700,NMN,NMN,2019-12-19 13:43:41.914
881,341459569,12580,NMN,NMN,2019-12-19 13:43:41.914
895,1058331583,1853,NMN,NMN,2019-12-19 13:43:41.914
900,25371072442,2397,NMN,NMN,2019-12-19 13:43:41.914
906,20845119160,2210,NMN,NMN,2019-12-19 13:43:41.914
927,16940144802,1836,MMNPP JVMRM S.M.,MMNPP JVMRM S.M.,2019-12-19 13:43:41.914
936,887630554,1870,NMN,NMN,2019-12-19 13:43:41.914
950,585439727,2397,NMN,NMN,2019-12-19 13:43:41.914
961,2027769367,1734,NMN,NMN,2019-12-19 13:43:41.914
971,2484672298,1870,NMN,NMN,2019-12-19 13:43:41.914
987,9638329180,1700,NMN,NMN,2019-12-19 13:43:41.914
1025,17085140437,1700,MMNPP LZSP MRMSVLJVRP S/M,MMNPP LZSP MRMSVLJVRP S/M,2019-12-19 13:43:41.914
22,18187209858,2788,SVPPPM PJNTRML PJPRJSP,PJPRJSP - PJNTRML JMS PPPPJRMTVVMS JJ PRJJVTP JP JSTMJP JJ SMP PMZLP,2019-12-19 13:43:41.914
32,23617978212,1768,PRJJVPPMMP,PRJJVPPMMP PRJJVTP RZRML PPPPJRMTVVM,2019-12-19 13:43:41.914
38,9586863193,3366,MMNPP J. P. MPRPMN S.M.,MMNPP J. P. MPRPMN S.M.,2019-12-19 13:43:41.914
41,1050289580,2805,MMNPP VPNJM,MMNPP VPNJM S/M.,2019-12-19 13:43:41.914
69,2083110844,2550,NMN,NMN,2019-12-19 13:43:41.914
82,1198290237,3128,NMN,NMN,2019-12-19 13:43:41.914
140,1506130147,1853,NMN,NMN,2019-12-19 13:43:41.914
144,2333621824,2907,NMN,NMN,2019-12-19 13:43:41.914
147,3017299298,2618,NMN,NMN,2019-12-19 13:43:41.914
155,5375386128,2363,NMN,NMN,2019-12-19 13:43:41.914
173,4952984884,3383,NMN,NMN,2019-12-19 13:43:41.914
175,4799764020,2193,NMN,NMN,2019-12-19 13:43:41.914
211,26654010490,1734,PMNV S/M PRJJVTP JVNMNPVMMJNTP J VNVJSTVMJNTP,PMNV S/M PRJJVTP JVNMNPVMMJNTP J VNVJSTVMJNTP,2019-12-19 13:43:41.914
227,9657255212,2023,NMN,NMN,2019-12-19 13:43:41.914
235,1455557748,1700,NMN,NMN,2019-12-19 13:43:41.914
261,20589236826,2635,NMN,NMN,2019-12-19 13:43:41.914
294,19937243,3162,NMN,NMN,2019-12-19 13:43:41.914
308,7439816879,2907,NMN,NMN,2019-12-19 13:43:41.914
314,6547812021,2992,NMN,NMN,2019-12-19 13:43:41.914
347,12046452892,1700,NMN,NMN,2019-12-19 13:43:41.914
375,5620934978,2703,NMN,NMN,2019-12-19 13:43:41.914
385,848303723,1700,NMN,NMN,2019-12-19 13:43:41.914
409,1579076926,3111,NMN,NMN,2019-12-19 13:43:41.914
416,2168086959,3230,NMN,NMN,2019-12-19 13:43:41.914
440,5607215570,3213,NMN,NMN,2019-12-19 13:43:41.914
446,19207924623,2771,NMN,NMN,2019-12-19 13:43:41.914
456,479068942,1768,NMN,NMN,2019-12-19 13:43:41.914
475,675874474,3060,NMN,NMN,2019-12-19 13:43:41.914
490,1017060360,3315,NMN,NMN,2019-12-19 13:43:41.914
502,1208465638,2873,NMN,NMN,2019-12-19 13:43:41.914
507,1343658393,3145,NMN,NMN,2019-12-19 13:43:41.914
511,712833528,1955,NMN,NMN,2019-12-19 13:43:41.914
515,1516473168,2006,NMN,NMN,2019-12-19 13:43:41.914
527,2030780747,2737,NMN,NMN,2019-12-19 13:43:41.914
542,12081645867,3060,NMN,NMN,2019-12-19 13:43:41.914
578,1612789065,3060,NMN,NMN,2019-12-19 13:43:41.914
581,896531465,2261,NMN,NMN,2019-12-19 13:43:41.914
592,4787065360,2703,NMN,NMN,2019-12-19 13:43:41.914
596,1275748306,2261,NMN,NMN,2019-12-19 13:43:41.914
597,19932221625,1836,NMN,NMN,2019-12-19 13:43:41.914
616,19912334090,2346,MMNPP RJNJVMJNTP,MMNPP RJNJVMJNTP S/M,2019-12-19 13:43:41.914
621,13715406217,2380,NMN,NMN,2019-12-19 13:43:41.914
624,21418958138,3230,NMN,NMN,2019-12-19 13:43:41.914
657,1617756397,6494,NMN,NMN,2019-12-19 13:43:41.914
658,6101057903,2618,NMN,NMN,2019-12-19 13:43:41.914
736,1199958923,1802,NMN,NMN,2019-12-19 13:43:41.914
751,21919783,2295,NMN,NMN,2019-12-19 13:43:41.914
769,2031711905,3128,NMN,NMN,2019-12-19 13:43:41.914
775,15586599141,2210,NMN,NMN,2019-12-19 13:43:41.914
781,19372177773,1921,NMN,NMN,2019-12-19 13:43:41.914
783,822515386,3043,NMN,NMN,2019-12-19 13:43:41.914
798,1284870013,2550,NMN,NMN,2019-12-19 13:43:41.914
824,23850463973,2380,NMN,NMN,2019-12-19 13:43:41.914
828,7125260609,2074,NMN,NMN,2019-12-19 13:43:41.914
848,25389576534,2414,NMN,NMN,2019-12-19 13:43:41.914
885,1308013133,2618,NMN,NMN,2019-12-19 13:43:41.914
901,26007254789,2992,NMN,NMN,2019-12-19 13:43:41.914
913,23613212024,3128,NMN,NMN,2019-12-19 13:43:41.914
914,21625522911,2465,NPVP MMNPP PPNTVNJNTML S.M.MMNPP MZLTVPLP,NPVP MMNPP PPNTVNJNTML S.M.MMNPP MZLTVPLP,2019-12-19 13:43:41.914
954,6721157111,2108,NMN,NMN,2019-12-19 13:43:41.914
964,892219007,3026,NMN,NMN,2019-12-19 13:43:41.914
992,2473986812,2652,NMN,NMN,2019-12-19 13:43:41.914
999,2157540771,2805,NMN,NMN,2019-12-19 13:43:41.914
1015,1510693168,2720,NMN,NMN,2019-12-19 13:43:41.914
17,25077909975,2210,ZNVPRJJ PJNTRML RJ,PPPPJRMTVVM PJNTRML JJ JPPNPMVM J PRÉJVTP MÚTZP JMS ZNVPRJJS JP JSTMJP JP RVP JJ JMNJVRP LTJM,2019-12-19 13:43:41.914
21,15961734724,2040,VNTJSM SMNPMPLP MRMSVL S.M.,VNTJSM SMNPMPLP MRMSVL S.M. - MMNPP MZLTVPLP,2019-12-19 13:43:41.914
65,20527053274,2278,MMNPP MPNSZPJSSP S.M.,MMNPP MS2 S.M.,2019-12-19 13:43:41.914
91,20241050493,2499,NMN,NMN,2019-12-19 13:43:41.914
93,332692754,2414,NMN,NMN,2019-12-19 13:43:41.914
113,17765603364,112506,NMN,NMN,2019-12-19 13:43:41.914
166,4203352119,2975,NMN,NMN,2019-12-19 13:43:41.914
174,4953026500,3349,NMN,NMN,2019-12-19 13:43:41.914
182,170270419,1802,NMN,NMN,2019-12-19 13:43:41.914
237,9382987854,2601,NMN,NMN,2019-12-19 13:43:41.914
240,9194619677,3383,NMN,NMN,2019-12-19 13:43:41.914
245,348457704,2873,NMN,NMN,2019-12-19 13:43:41.914
252,23412377254,2006,NMN,NMN,2019-12-19 13:43:41.914
276,22784780519,3230,NMN,NMN,2019-12-19 13:43:41.914
283,23397335382,3281,NMN,NMN,2019-12-19 13:43:41.914
287,200678421,1904,NMN,NMN,2019-12-19 13:43:41.914
290,489117472,3162,NMN,NMN,2019-12-19 13:43:41.914
298,251339543,1768,NMN,NMN,2019-12-19 13:43:41.914
301,465100705,1700,NMN,NMN,2019-12-19 13:43:41.914
302,20587546176,2652,NMN,NMN,2019-12-19 13:43:41.914
313,19800184172,1819,NMN,NMN,2019-12-19 13:43:41.914
316,20640264400,2329,NMN,NMN,2019-12-19 13:43:41.914
338,18851254406,2057,NMN,NMN,2019-12-19 13:43:41.914
344,20563579984,1700,NMN,NMN,2019-12-19 13:43:41.914
346,397142644,2499,NMN,NMN,2019-12-19 13:43:41.914
350,6577882471,2720,NMN,NMN,2019-12-19 13:43:41.914
358,7455794244,2516,NMN,NMN,2019-12-19 13:43:41.914
366,19391006701,2822,NMN,NMN,2019-12-19 13:43:41.914
427,20585567682,3196,NMN,NMN,2019-12-19 13:43:41.914
431,291863412,2193,NMN,NMN,2019-12-19 13:43:41.914
480,847252052,3196,NMN,NMN,2019-12-19 13:43:41.914
508,1356646342,2839,NMN,NMN,2019-12-19 13:43:41.914
512,1409277577,2584,NMN,NMN,2019-12-19 13:43:41.914
518,7112308785,1989,NMN,NMN,2019-12-19 13:43:41.914
533,629925497,3162,NMN,NMN,2019-12-19 13:43:41.914
570,1637849989,3349,NMN,NMN,2019-12-19 13:43:41.914
598,9425806383,1853,NMN,NMN,2019-12-19 13:43:41.914
609,7666061974,2210,NMN,NMN,2019-12-19 13:43:41.914
614,3081783290,2193,NMN,NMN,2019-12-19 13:43:41.914
618,161393784,2907,MMNPP PJTJLJM S.M.,MMNPP PJTJLJM S.M.,2019-12-19 13:43:41.914
626,26808937321,3332,NMN,NMN,2019-12-19 13:43:41.914
656,1617756397,3400,NMN,NMN,2019-12-19 13:43:41.914
724,668426944,2890,NMN,NMN,2019-12-19 13:43:41.914
746,16548002725,2771,NMN,NMN,2019-12-19 13:43:41.914
801,5014491020,2703,MMNPP TRVÂNPZLP S.M.,MMNPP TRVÂNPZLP S.M.,2019-12-19 13:43:41.914
820,8327708978,1972,NMN,NMN,2019-12-19 13:43:41.914
822,23468545271,2737,NMN,NMN,2019-12-19 13:43:41.914
836,25368862170,1700,NMN,NMN,2019-12-19 13:43:41.914
847,1830217059,2941,NMN,NMN,2019-12-19 13:43:41.914
851,27626937949,1819,NMN,NMN,2019-12-19 13:43:41.914
878,3113223889,1921,NMN,NMN,2019-12-19 13:43:41.914
919,17986615825,2992,MMNPP JVJVS S.M,MMNPP JVJVS S.M,2019-12-19 13:43:41.914
922,6896338218,1700,MVVSTM S. M. PRJJVTP JVNMNPVMMJNTP J VNVJSTVMJNTP,MVVSTM S. M. PRJJVTP JVNMNPVMMJNTP J VNVJSTVMJNTP,2019-12-19 13:43:41.914
932,3260770238,2142,NMN,NMN,2019-12-19 13:43:41.914
934,2290761390,2261,NMN,NMN,2019-12-19 13:43:41.914
943,3459287517,2584,NMN,NMN,2019-12-19 13:43:41.914
951,1587936799,1938,NMN,NMN,2019-12-19 13:43:41.914
976,2100663548,1802,NMN,NMN,2019-12-19 13:43:41.914
977,1483178056,2941,NMN,NMN,2019-12-19 13:43:41.914
982,2045150116,1734,NMN,NMN,2019-12-19 13:43:41.914
995,2296524339,2805,NMN,NMN,2019-12-19 13:43:41.914
9,17542643910,1768,MMNPP VTMÚ,MMNPP VTMÚ S.M.,2019-12-19 13:43:41.914
40,1020867935,1734,MMNPP MMN MMRP S.M,MMNPP MMN MMRP S.M,2019-12-19 13:43:41.914
44,17636037728,2907,MMNPP VNJZSVML,MMNPP VNJZSVML,2019-12-19 13:43:41.914
45,229877247,2465,MMNPP SJMJMR S.M.,MMNPP SJMJMR S.M.,2019-12-19 13:43:41.914
51,809760082,2312,MMNPP MPRPMN STMNLJY S.M.,MMNPP MPRPMN STMNLJY S.M.,2019-12-19 13:43:41.914
58,12259893264,2125,NMN,NMN,2019-12-19 13:43:41.914
70,7831339340,2465,MMNPP PMSS S.M.,MMNPP PMSS S.M.,2019-12-19 13:43:41.914
104,17765603364,8568,NMN,NMN,2019-12-19 13:43:41.914
116,17765603364,151368,NMN,NMN,2019-12-19 13:43:41.914
129,17765603364,435030,NMN,NMN,2019-12-19 13:43:41.914
142,1761561641,1717,NMN,NMN,2019-12-19 13:43:41.914
180,26125856632,4756957,NMN,NMN,2019-12-19 13:43:41.914
222,589049048,2788,MMNPPPM,MMNPP PPPPJRMTVVP JP MRMSVL S/M,2019-12-19 13:43:41.914
225,9869026898,2703,NMN,NMN,2019-12-19 13:43:41.914
239,9191635174,1785,NMN,NMN,2019-12-19 13:43:41.914
241,235627191,2975,NMN,NMN,2019-12-19 13:43:41.914
254,23413661859,2873,NMN,NMN,2019-12-19 13:43:41.914
257,12851587529,1734,NMN,NMN,2019-12-19 13:43:41.914
259,9704542259,3264,NMN,NMN,2019-12-19 13:43:41.914
285,25093820003,2176,NMN,NMN,2019-12-19 13:43:41.914
289,23736489598,2261,NMN,NMN,2019-12-19 13:43:41.914
315,12118187605,2924,NMN,NMN,2019-12-19 13:43:41.914
329,7339280715,1751,NMN,NMN,2019-12-19 13:43:41.914
354,12392498313,3383,NMN,NMN,2019-12-19 13:43:41.914
357,25017010739,2737,NMN,NMN,2019-12-19 13:43:41.914
379,716886753,2941,NMN,NMN,2019-12-19 13:43:41.914
391,9714750895,2805,NMN,NMN,2019-12-19 13:43:41.914
425,12397760425,1955,NMN,NMN,2019-12-19 13:43:41.914
429,6057910781,1785,NMN,NMN,2019-12-19 13:43:41.914
460,481864728,2856,NMN,NMN,2019-12-19 13:43:41.914
466,674846501,1785,NMN,NMN,2019-12-19 13:43:41.914
510,999896650,2380,NMN,NMN,2019-12-19 13:43:41.914
530,2058350769,1836,NMN,NMN,2019-12-19 13:43:41.914
534,2216607169,3230,NMN,NMN,2019-12-19 13:43:41.914
565,24966489204,3179,NMN,NMN,2019-12-19 13:43:41.914
663,286612571,1734,NMN,NMN,2019-12-19 13:43:41.914
673,15780273358,2975,NMN,NMN,2019-12-19 13:43:41.914
685,990431033,1717,NMN,NMN,2019-12-19 13:43:41.914
686,2931541727,2958,NMN,NMN,2019-12-19 13:43:41.914
726,372462333,2329,NMN,NMN,2019-12-19 13:43:41.914
784,2211282055,2856,NMN,NMN,2019-12-19 13:43:41.914
786,24081159379,3230,NMN,NMN,2019-12-19 13:43:41.914
813,26185917768,3060,NMN,NMN,2019-12-19 13:43:41.914
840,25585211038,1717,NMN,NMN,2019-12-19 13:43:41.914
864,648947477,2635,NMN,NMN,2019-12-19 13:43:41.914
880,3102765846,3128,NMN,NMN,2019-12-19 13:43:41.914
915,21225276407,1819,NMN,NMN,2019-12-19 13:43:41.914
941,1743169103,1904,NMN,NMN,2019-12-19 13:43:41.914
942,1578781279,2618,NMN,NMN,2019-12-19 13:43:41.914
956,1347769129,2057,NMN,NMN,2019-12-19 13:43:41.914
963,1774358850,1819,NMN,NMN,2019-12-19 13:43:41.914
970,1524986530,3145,NMN,NMN,2019-12-19 13:43:41.914
984,2546780132,2329,NMN,NMN,2019-12-19 13:43:41.914
986,3020939253,2890,NMN,NMN,2019-12-19 13:43:41.914
994,741386150,2040,NMN,NMN,2019-12-19 13:43:41.914
13,16808468021,2176,MMNPP SMJRM,MMNPP SMJRM,2019-12-19 13:43:41.914
29,929363310,1870,MMNPP TPYPTM JP MRMSVL S.M.,MMNPP TPYPTM JP MRMSVL S.M.,2019-12-19 13:43:41.914
30,149599405,1768,MMNPP RVMJVRMP PRJTP,MMNPP RVMJVRMP PRJTP S/M,2019-12-19 13:43:41.914
60,537185686,1870,NMN,NMN,2019-12-19 13:43:41.914
72,1746441450,2244,NMN,NMN,2019-12-19 13:43:41.914
76,17184272928,2278,NMN,NMN,2019-12-19 13:43:41.914
94,990789682,2329,NMN,NMN,2019-12-19 13:43:41.914
115,17765603364,134844,NMN,NMN,2019-12-19 13:43:41.914
119,17765603364,169762,NMN,NMN,2019-12-19 13:43:41.914
126,17765603364,313854,NMN,NMN,2019-12-19 13:43:41.914
133,17765603364,211157,NMN,NMN,2019-12-19 13:43:41.914
152,2227510850,21641,NMN,NMN,2019-12-19 13:43:41.914
170,4799846674,1768,NMN,NMN,2019-12-19 13:43:41.914
218,4961382068,1921,NMN,NMN,2019-12-19 13:43:41.914
242,21212208694,2414,NMN,NMN,2019-12-19 13:43:41.914
243,25080601721,2380,NMN,NMN,2019-12-19 13:43:41.914
250,22792272555,2380,NMN,NMN,2019-12-19 13:43:41.914
270,21219186888,2822,NMN,NMN,2019-12-19 13:43:41.914
278,22780503030,2193,NMN,NMN,2019-12-19 13:43:41.914
293,20645328547,2244,NMN,NMN,2019-12-19 13:43:41.914
295,19189165344,1717,NMN,NMN,2019-12-19 13:43:41.914
319,7518096575,2397,NMN,NMN,2019-12-19 13:43:41.914
326,7341912638,2550,NMN,NMN,2019-12-19 13:43:41.914
328,7565474079,3162,NMN,NMN,2019-12-19 13:43:41.914
335,7337049057,3060,NMN,NMN,2019-12-19 13:43:41.914
370,15721971654,2482,NMN,NMN,2019-12-19 13:43:41.914
424,384455255,2159,NMN,NMN,2019-12-19 13:43:41.914
457,5743945516,2482,NMN,NMN,2019-12-19 13:43:41.914
495,1021633785,2040,NMN,NMN,2019-12-19 13:43:41.914
519,1668174181,2856,NMN,NMN,2019-12-19 13:43:41.914
524,1784288601,1751,NMN,NMN,2019-12-19 13:43:41.914
537,2320843978,1717,NMN,NMN,2019-12-19 13:43:41.914
543,2251077355,2380,NMN,NMN,2019-12-19 13:43:41.914
548,2931471211,2380,NMN,NMN,2019-12-19 13:43:41.914
550,2583064082,2448,NMN,NMN,2019-12-19 13:43:41.914
558,2785768682,2754,NMN,NMN,2019-12-19 13:43:41.914
582,720477000,1768,NMN,NMN,2019-12-19 13:43:41.914
587,659702901,2584,NMN,NMN,2019-12-19 13:43:41.914
593,1725311793,3281,NMN,NMN,2019-12-19 13:43:41.914
594,21191343761,2006,NMN,NMN,2019-12-19 13:43:41.914
602,617598202,2805,NMN,NMN,2019-12-19 13:43:41.914
611,4158228526,3383,PMRMNÁ MMNPP,PMRMNÁ MMNPP S/M,2019-12-19 13:43:41.914
617,16794891668,2091,PPNSPRPVP NMPVPNML JMMRMPPN,JMMRMPPN MJMVNVSTRMJPRM JJ PPNSPRPVP LTJM,2019-12-19 13:43:41.914
620,2997361188,3145,NMN,NMN,2019-12-19 13:43:41.914
635,667321230,14076,NMN,NMN,2019-12-19 13:43:41.914
646,931375617,8194,NMN,NMN,2019-12-19 13:43:41.914
648,1044088796,3519,NMN,NMN,2019-12-19 13:43:41.914
662,17985304921,3230,NMN,NMN,2019-12-19 13:43:41.914
671,1613376891,2975,NMN,NMN,2019-12-19 13:43:41.914
680,1000299227,1955,NMN,NMN,2019-12-19 13:43:41.914
681,2771683689,2992,NMN,NMN,2019-12-19 13:43:41.914
689,15661061725,2822,NMN,NMN,2019-12-19 13:43:41.914
691,17936258153,3298,NMN,NMN,2019-12-19 13:43:41.914
705,1061824437,2227,NMN,NMN,2019-12-19 13:43:41.914
743,27862277007,2176,NMN,NMN,2019-12-19 13:43:41.914
744,19980325675,1853,NMN,NMN,2019-12-19 13:43:41.914
748,341459569,2635,MMNPP PPPPJRMTVVP SVPRJJV S.M.,MMNPP PPPPJRMTVVP SVPRJJV S.M.,2019-12-19 13:43:41.914
749,9535773195,2720,NMN,NMN,2019-12-19 13:43:41.914
753,608072762,1700,NMN,NMN,2019-12-19 13:43:41.914
755,14220130845,3281,NMN,NMN,2019-12-19 13:43:41.914
766,17682950520,2958,MMNPP MMP SM,MMNPP MMP SM,2019-12-19 13:43:41.914
810,17565187644,3332,PRJJVSM SM PRJJVTP JVNMNPVMMJNTP J VNVJSTVMJNTPS,PRJJVSM SM PRJJVTP JVNMNPVMMJNTP J VNVJSTVMJNTPS,2019-12-19 13:43:41.914
835,867041038,2499,NMN,NMN,2019-12-19 13:43:41.914
850,25735374282,2669,NMN,NMN,2019-12-19 13:43:41.914
859,25269491543,1785,NMN,NMN,2019-12-19 13:43:41.914
861,25568125936,2890,NMN,NMN,2019-12-19 13:43:41.914
865,22963328187,1921,NMN,NMN,2019-12-19 13:43:41.914
871,25162581773,3060,NMN,NMN,2019-12-19 13:43:41.914
887,26748438350,3060,NMN,NMN,2019-12-19 13:43:41.914
920,3759808213,2482,MMNPP JP JSTMJP JJ SJRPVPJ S.M,MMNPP JP JSTMJP JJ SJRPVPJ S.M,2019-12-19 13:43:41.914
968,1508647048,3043,NMN,NMN,2019-12-19 13:43:41.914
969,2290535681,2006,NMN,NMN,2019-12-19 13:43:41.914
993,706919721,2380,NMN,NMN,2019-12-19 13:43:41.914
997,2615960085,2125,NMN,NMN,2019-12-19 13:43:41.914
1016,2492494372,1938,NMN,NMN,2019-12-19 13:43:41.914
2,17968176180,3060,SJRMSM,SJRMSM JXPJRVMN,2019-12-19 13:43:41.914
3,3388575864,2159,MPM VVSTM,MPM VVSTM SJRVVPPS,2019-12-19 13:43:41.914
16,472399689,2023,PJNTRML JJ PPPPJRMTVVMS JJ JPPNPMVM J PRÉJVTP MÚTZP JP JSTMJP JP RVP PRMNJJ JP SZL – ZNVPRJJ PJNTRML,PJNTRML JJ PPPPJRMTVVMS JJ JPPNPMVM J PRÉJVTP MÚTZP JP JSTMJP JP RVP PRMNJJ JP SZL – ZNVPRJJ PJNTRML,2019-12-19 13:43:41.914
20,3820722477,1989,MR PMRTNJRS MMNPP JJ VNVJSTVMJNTP S.M.,MR PMRTNJRS MMNPP JJ VNVJSTVMJNTP S.M.,2019-12-19 13:43:41.914
26,17220964079,1751,MMNPP VPTPRMNTVM,MMNPP VPTPRMNTVM,2019-12-19 13:43:41.914
34,21862240499,2907,MMNPP PRJJVT MPRVPPLJ MRMSVL S.M.,MMNPP PRJJVT MPRVPPLJ MRMSVL S.M.,2019-12-19 13:43:41.914
81,25118143977,1836,NMN,NMN,2019-12-19 13:43:41.914
87,11901046588,1972,NMN,NMN,2019-12-19 13:43:41.914
105,17765603364,13056,NMN,NMN,2019-12-19 13:43:41.914
118,17765603364,165138,NMN,NMN,2019-12-19 13:43:41.914
124,17765603364,238697,NMN,NMN,2019-12-19 13:43:41.914
125,17765603364,250206,NMN,NMN,2019-12-19 13:43:41.914
