ID_STG_OPR_ITT,VLR_CTRD_CSC,QTD_PCL,VLR_SDO_DDR,QTD_CLI_CAD_POS,QTD_OPR,ID_FNT_ITT,ID_MDL,DES_TIP_PSS,DAT_RSS_FNT_ITT,DAT_INC_DBO
1,,45,,341,358,67,A04,F,2020-01-16,2020-01-27 10:49:48.15
2,,63,,103,108,67,B99,F,2020-01-16,2020-01-27 10:49:48.15
3,,22,,15,16,67,B05,F,2020-01-16,2020-01-27 10:49:48.15
4,,48,,9,9,67,B03,F,2020-01-16,2020-01-27 10:49:48.15
5,,290,,3,3,67,B03,F,2020-01-16,2020-01-27 10:49:48.15
6,,109,,1,1,67,B99,F,2020-01-16,2020-01-27 10:49:48.15
7,24231168.0,20,14774641.0,6,7,67,C01,F,2020-01-16,2020-01-27 10:49:48.15
8,,59,,235,253,67,A04,F,2020-01-16,2020-01-27 10:49:48.15
9,,38,,14,14,67,B05,F,2020-01-16,2020-01-27 10:49:48.15
10,,117,,4,4,67,A01,F,2020-01-16,2020-01-27 10:49:48.15
11,,332,,1,1,67,B03,F,2020-01-16,2020-01-27 10:49:48.15
12,,53,,7,7,67,B05,F,2020-01-16,2020-01-27 10:49:48.15
13,,13,,141,143,67,A99,F,2020-01-16,2020-01-27 10:49:48.15
14,,250,,12,12,67,B03,F,2020-01-16,2020-01-27 10:49:48.15
15,83720000.0,158,61146076.0,4,4,67,C01,F,2020-01-16,2020-01-27 10:49:48.15
16,,319,,2,2,67,B03,F,2020-01-16,2020-01-27 10:49:48.15
17,,162,,1,1,67,B03,F,2020-01-16,2020-01-27 10:49:48.15
18,,17,,1,1,67,B01,F,2020-01-16,2020-01-27 10:49:48.15
19,453409414.0,82,345569291.0,86,93,67,C01,F,2020-01-16,2020-01-27 10:49:48.15
20,831887355.0,70,387293236.0,150,171,67,C01,F,2020-01-16,2020-01-27 10:49:48.15
21,,90,,12,15,67,B99,F,2020-01-16,2020-01-27 10:49:48.15
22,,220,,8,8,67,B03,F,2020-01-16,2020-01-27 10:49:48.15
23,168720000.0,117,47151818.0,10,10,67,C01,F,2020-01-16,2020-01-27 10:49:48.15
24,,8,,362,373,67,A99,F,2020-01-16,2020-01-27 10:49:48.15
25,,120,,117,119,67,A04,F,2020-01-16,2020-01-27 10:49:48.15
26,,263,,2,2,67,B03,F,2020-01-16,2020-01-27 10:49:48.15
27,,99,,2,2,67,B03,F,2020-01-16,2020-01-27 10:49:48.15
28,,85,,1,1,67,A04,F,2020-01-16,2020-01-27 10:49:48.15
29,,108,,4,4,67,B03,F,2020-01-16,2020-01-27 10:49:48.15
30,,246,,2,2,67,B03,F,2020-01-16,2020-01-27 10:49:48.15
31,,110,,3,5,67,A01,F,2020-01-16,2020-01-27 10:49:48.15
32,32232454.0,18,17549307.0,4,9,67,C01,F,2020-01-16,2020-01-27 10:49:48.15
33,,24,,816,834,67,A05,F,2020-01-16,2020-01-27 10:49:48.15
34,,68,,120,124,67,B99,F,2020-01-16,2020-01-27 10:49:48.15
35,576095264.0,63,303150068.0,121,133,67,C01,F,2020-01-16,2020-01-27 10:49:48.15
36,,10,,584,619,67,A01,F,2020-01-16,2020-01-27 10:49:48.15
37,,12,,187,188,67,A99,F,2020-01-16,2020-01-27 10:49:48.15
38,528879411.0,55,247015482.0,121,130,67,C01,F,2020-01-16,2020-01-27 10:49:48.15
39,495312777.0,53,241139067.0,108,124,67,C01,F,2020-01-16,2020-01-27 10:49:48.15
40,,35,,701,719,67,B99,F,2020-01-16,2020-01-27 10:49:48.15
41,,57,,156,171,67,B99,F,2020-01-16,2020-01-27 10:49:48.15
42,,172,,1,1,67,A04,F,2020-01-16,2020-01-27 10:49:48.15
43,,78,,1,1,67,A04,F,2020-01-16,2020-01-27 10:49:48.15
44,6708421243.0,84,5932713631.0,1478,1572,67,C01,F,2020-01-16,2020-01-27 10:49:48.15
45,,24,,2615,2754,67,A01,F,2020-01-16,2020-01-27 10:49:48.15
46,,40,,256,273,67,B99,F,2020-01-16,2020-01-27 10:49:48.15
47,,62,,91,100,67,B99,F,2020-01-16,2020-01-27 10:49:48.15
48,832905587.0,64,365672775.0,170,194,67,C01,F,2020-01-16,2020-01-27 10:49:48.15
49,210263168.0,92,85101641.0,18,20,67,C01,F,2020-01-16,2020-01-27 10:49:48.15
50,,14,,123,128,67,A01,F,2020-01-16,2020-01-27 10:49:48.15
51,,11,,266,272,67,A99,F,2020-01-16,2020-01-27 10:49:48.15
52,,83,,8,8,67,B99,F,2020-01-16,2020-01-27 10:49:48.15
53,,352,,2,2,67,B03,F,2020-01-16,2020-01-27 10:49:48.15
54,,5,,113,113,67,A01,F,2020-01-16,2020-01-27 10:49:48.15
55,,9,,66,67,67,A01,F,2020-01-16,2020-01-27 10:49:48.15
56,112005000.0,191,64638600.0,6,7,67,C01,F,2020-01-16,2020-01-27 10:49:48.15
57,,68,,527,611,67,A01,F,2020-01-16,2020-01-27 10:49:48.15
58,,72,,207,224,67,B99,F,2020-01-16,2020-01-27 10:49:48.15
59,,15,,24,25,67,B05,F,2020-01-16,2020-01-27 10:49:48.15
60,,21,,12,12,67,B05,F,2020-01-16,2020-01-27 10:49:48.15
61,,51,,142,152,67,A04,F,2020-01-16,2020-01-27 10:49:48.15
62,,93,,1,1,67,A04,F,2020-01-16,2020-01-27 10:49:48.15
63,,284,,1,1,67,B03,F,2020-01-16,2020-01-27 10:49:48.15
64,501840153.0,50,250849962.0,104,123,67,C01,F,2020-01-16,2020-01-27 10:49:48.15
65,100304799.0,30,41771922.0,24,27,67,C01,F,2020-01-16,2020-01-27 10:49:48.15
66,,56,,152,172,67,A04,F,2020-01-16,2020-01-27 10:49:48.15
67,,69,,532,628,67,A01,F,2020-01-16,2020-01-27 10:49:48.15
68,,170,,3,3,67,A04,F,2020-01-16,2020-01-27 10:49:48.15
69,,18,,589,594,67,B05,F,2020-01-16,2020-01-27 10:49:48.15
70,,67,,168,219,67,A04,F,2020-01-16,2020-01-27 10:49:48.15
71,,46,,225,235,67,A04,F,2020-01-16,2020-01-27 10:49:48.15
72,,88,,1,1,67,A04,F,2020-01-16,2020-01-27 10:49:48.15
73,,267,,1,1,67,B03,F,2020-01-16,2020-01-27 10:49:48.15
74,,331,,3,3,67,B03,F,2020-01-16,2020-01-27 10:49:48.15
75,,164,,1,1,67,B03,F,2020-01-16,2020-01-27 10:49:48.15
76,185373758.0,37,73014298.0,40,49,67,C01,F,2020-01-16,2020-01-27 10:49:48.15
77,87190000.0,160,42605744.0,5,6,67,C01,F,2020-01-16,2020-01-27 10:49:48.15
78,,14,,1047,1084,67,B99,F,2020-01-16,2020-01-27 10:49:48.15
79,,23,,110,118,67,A01,F,2020-01-16,2020-01-27 10:49:48.15
80,,66,,691,822,67,A01,F,2020-01-16,2020-01-27 10:49:48.15
81,,2,,53,57,67,A01,F,2020-01-16,2020-01-27 10:49:48.15
82,,134,,1,1,67,A01,F,2020-01-16,2020-01-27 10:49:48.15
83,,232,,2,2,67,B03,F,2020-01-16,2020-01-27 10:49:48.15
84,,259,,4,4,67,B03,F,2020-01-16,2020-01-27 10:49:48.15
85,219317484.0,46,97030218.0,44,50,67,C01,F,2020-01-16,2020-01-27 10:49:48.15
86,,6,,28322,33636,67,A04,F,2020-01-16,2020-01-27 10:49:48.15
87,,6,,395,634,67,B01,F,2020-01-16,2020-01-27 10:49:48.15
88,,80,,3,3,67,B03,F,2020-01-16,2020-01-27 10:49:48.15
89,,324,,1,1,67,B03,F,2020-01-16,2020-01-27 10:49:48.15
90,98580000.0,124,44417586.0,6,7,67,C01,F,2020-01-16,2020-01-27 10:49:48.15
91,,115,,6,8,67,A01,F,2020-01-16,2020-01-27 10:49:48.15
92,,160,,1,1,67,A04,F,2020-01-16,2020-01-27 10:49:48.15
93,,261,,2,2,67,B03,F,2020-01-16,2020-01-27 10:49:48.15
94,,23,,2,2,67,A05,F,2020-01-16,2020-01-27 10:49:48.15
95,,308,,1,1,67,B03,F,2020-01-16,2020-01-27 10:49:48.15
96,,7,,430,438,67,A99,F,2020-01-16,2020-01-27 10:49:48.15
97,,333,,2,2,67,B03,F,2020-01-16,2020-01-27 10:49:48.15
98,,181,,1,1,67,B03,F,2020-01-16,2020-01-27 10:49:48.15
99,,24,,2,2,67,B03,F,2020-01-16,2020-01-27 10:49:48.15
100,,100,,1,1,67,A01,F,2020-01-16,2020-01-27 10:49:48.15
101,,34,,159,161,67,A01,F,2020-01-16,2020-01-27 10:49:48.15
102,,19,,457,470,67,B99,F,2020-01-16,2020-01-27 10:49:48.15
103,,312,,4,4,67,B03,F,2020-01-16,2020-01-27 10:49:48.15
104,,156,,3,3,67,B03,F,2020-01-16,2020-01-27 10:49:48.15
105,,341,,3,3,67,B03,F,2020-01-16,2020-01-27 10:49:48.15
106,,62,,3,3,67,B05,F,2020-01-16,2020-01-27 10:49:48.15
107,,248,,1,1,67,B03,F,2020-01-16,2020-01-27 10:49:48.15
108,71855000.0,161,50496895.0,5,5,67,C01,F,2020-01-16,2020-01-27 10:49:48.15
109,215600000.0,154,142200674.0,3,14,67,C01,F,2020-01-16,2020-01-27 10:49:48.15
110,,36,,7196,7357,67,B05,F,2020-01-16,2020-01-27 10:49:48.15
111,,26,,224,233,67,B99,F,2020-01-16,2020-01-27 10:49:48.15
112,,14,,10,10,67,B05,F,2020-01-16,2020-01-27 10:49:48.15
113,,318,,3,3,67,B03,F,2020-01-16,2020-01-27 10:49:48.15
114,640162138.0,76,486123421.0,118,126,67,C01,F,2020-01-16,2020-01-27 10:49:48.15
115,238085736.0,94,100766735.0,19,20,67,C01,F,2020-01-16,2020-01-27 10:49:48.15
116,,9,,2419,2500,67,A04,F,2020-01-16,2020-01-27 10:49:48.15
117,,55,,652,709,67,A01,F,2020-01-16,2020-01-27 10:49:48.15
118,,18,,212,214,67,A05,F,2020-01-16,2020-01-27 10:49:48.15
119,,66,,115,128,67,B99,F,2020-01-16,2020-01-27 10:49:48.15
120,,65,,101,105,67,B99,F,2020-01-16,2020-01-27 10:49:48.15
121,,101,,1,1,67,B03,F,2020-01-16,2020-01-27 10:49:48.15
122,,282,,1,1,67,B03,F,2020-01-16,2020-01-27 10:49:48.15
123,49800000.0,115,8972172.0,5,6,67,C01,F,2020-01-16,2020-01-27 10:49:48.15
124,193720000.0,136,49314041.0,13,14,67,C01,F,2020-01-16,2020-01-27 10:49:48.15
125,,274,,1,1,67,B03,F,2020-01-16,2020-01-27 10:49:48.15
126,622308846.0,52,300776070.0,109,140,67,C01,F,2020-01-16,2020-01-27 10:49:48.15
127,,50,,449,476,67,A01,F,2020-01-16,2020-01-27 10:49:48.15
128,,174,,1,1,67,B03,F,2020-01-16,2020-01-27 10:49:48.15
129,,25,,2,2,67,A99,F,2020-01-16,2020-01-27 10:49:48.15
130,120410000.0,134,64562028.0,9,14,67,C01,F,2020-01-16,2020-01-27 10:49:48.15
131,189262470.0,104,48009094.0,12,12,67,C01,F,2020-01-16,2020-01-27 10:49:48.15
132,,58,,349,408,67,A04,F,2020-01-16,2020-01-27 10:49:48.15
133,,147,,1,1,67,B03,F,2020-01-16,2020-01-27 10:49:48.15
134,,79,,1,1,67,A04,F,2020-01-16,2020-01-27 10:49:48.15
135,104989494.0,25,56013999.0,28,30,67,C01,F,2020-01-16,2020-01-27 10:49:48.15
136,,47,,379,405,67,A01,F,2020-01-16,2020-01-27 10:49:48.15
137,,43,,129,138,67,A04,F,2020-01-16,2020-01-27 10:49:48.15
138,,14,,7,8,67,B01,F,2020-01-16,2020-01-27 10:49:48.15
139,477875938.0,78,341986095.0,77,87,67,C01,F,2020-01-16,2020-01-27 10:49:48.15
140,,28,,880,947,67,A04,F,2020-01-16,2020-01-27 10:49:48.15
141,,188,,1,1,67,B03,F,2020-01-16,2020-01-27 10:49:48.15
142,,93,,5,5,67,B99,F,2020-01-16,2020-01-27 10:49:48.15
143,,108,,2,8,67,A01,F,2020-01-16,2020-01-27 10:49:48.15
144,333750000.0,131,115030812.0,16,24,67,C01,F,2020-01-16,2020-01-27 10:49:48.15
145,59662071.0,35,16620648.0,11,13,67,C01,F,2020-01-16,2020-01-27 10:49:48.15
146,,300,,269,269,67,B03,F,2020-01-16,2020-01-27 10:49:48.15
147,,84,,101,132,67,A04,F,2020-01-16,2020-01-27 10:49:48.15
148,,19,,3,3,67,A05,F,2020-01-16,2020-01-27 10:49:48.15
149,,82,,2,2,67,A04,F,2020-01-16,2020-01-27 10:49:48.15
150,,171,,1,1,67,B03,F,2020-01-16,2020-01-27 10:49:48.15
151,,85,,205,243,67,A01,F,2020-01-16,2020-01-27 10:49:48.15
152,,13,,8,8,67,B05,F,2020-01-16,2020-01-27 10:49:48.15
153,,34,,232,241,67,A04,F,2020-01-16,2020-01-27 10:49:48.15
154,,114,,5,15,67,A01,F,2020-01-16,2020-01-27 10:49:48.15
155,274155000.0,142,112552807.0,17,21,67,C01,F,2020-01-16,2020-01-27 10:49:48.15
156,,57,,564,649,67,A01,F,2020-01-16,2020-01-27 10:49:48.15
157,,49,,123,131,67,B99,F,2020-01-16,2020-01-27 10:49:48.15
158,,84,,1815,2469,67,A01,F,2020-01-16,2020-01-27 10:49:48.15
159,,258,,1,1,67,B03,F,2020-01-16,2020-01-27 10:49:48.15
160,,239,,3,3,67,B03,F,2020-01-16,2020-01-27 10:49:48.15
161,,60,,309,331,67,B99,F,2020-01-16,2020-01-27 10:49:48.15
162,,340,,8,8,67,B03,F,2020-01-16,2020-01-27 10:49:48.15
163,,50,,323,347,67,A04,F,2020-01-16,2020-01-27 10:49:48.15
164,,303,,3,3,67,B03,F,2020-01-16,2020-01-27 10:49:48.15
165,202070000.0,165,146942161.0,9,10,67,C01,F,2020-01-16,2020-01-27 10:49:48.15
166,,166,,1,1,67,B03,F,2020-01-16,2020-01-27 10:49:48.15
167,,21,,17,17,67,A99,F,2020-01-16,2020-01-27 10:49:48.15
168,,56,,461,528,67,A01,F,2020-01-16,2020-01-27 10:49:48.15
169,,299,,2,2,67,B03,F,2020-01-16,2020-01-27 10:49:48.15
170,,120,,3,4,67,A01,F,2020-01-16,2020-01-27 10:49:48.15
171,,297,,2,2,67,B03,F,2020-01-16,2020-01-27 10:49:48.15
172,62300000.0,159,47743078.0,7,7,67,C01,F,2020-01-16,2020-01-27 10:49:48.15
173,,1,,8,8,67,B05,F,2020-01-16,2020-01-27 10:49:48.15
174,,216,,4,4,67,B03,F,2020-01-16,2020-01-27 10:49:48.15
175,480056500.0,56,233593825.0,112,119,67,C01,F,2020-01-16,2020-01-27 10:49:48.15
176,32210000.0,112,5486375.0,3,3,67,C01,F,2020-01-16,2020-01-27 10:49:48.15
177,185470157.0,86,52819667.0,11,14,67,C01,F,2020-01-16,2020-01-27 10:49:48.15
178,,86,,5,5,67,B99,F,2020-01-16,2020-01-27 10:49:48.15
179,,180,,16,17,67,A04,F,2020-01-16,2020-01-27 10:49:48.15
180,,120,,1,1,67,B99,F,2020-01-16,2020-01-27 10:49:48.15
181,651412368.0,61,322080328.0,130,145,67,C01,F,2020-01-16,2020-01-27 10:49:48.15
182,,2,,28047,36217,67,A04,F,2020-01-16,2020-01-27 10:49:48.15
183,,175,,2,2,67,A04,F,2020-01-16,2020-01-27 10:49:48.15
184,,140,,1,1,67,A04,F,2020-01-16,2020-01-27 10:49:48.15
185,,37,,282,314,67,A01,F,2020-01-16,2020-01-27 10:49:48.15
186,,99,,1,2,67,A04,F,2020-01-16,2020-01-27 10:49:48.15
187,,51,,1,1,67,B05,F,2020-01-16,2020-01-27 10:49:48.15
188,,311,,1,1,67,B03,F,2020-01-16,2020-01-27 10:49:48.15
189,188210000.0,157,78246331.0,6,8,67,C01,F,2020-01-16,2020-01-27 10:49:48.15
190,,48,,730,805,67,B99,F,2020-01-16,2020-01-27 10:49:48.15
191,,99,,1,1,67,A01,F,2020-01-16,2020-01-27 10:49:48.15
192,,13,,1139,1153,67,B99,F,2020-01-16,2020-01-27 10:49:48.15
193,,33,,350,378,67,B99,F,2020-01-16,2020-01-27 10:49:48.15
194,,37,,163,178,67,B99,F,2020-01-16,2020-01-27 10:49:48.15
195,,33,,158,168,67,A01,F,2020-01-16,2020-01-27 10:49:48.15
196,,54,,136,148,67,B99,F,2020-01-16,2020-01-27 10:49:48.15
197,,39,,226,247,67,A04,F,2020-01-16,2020-01-27 10:49:48.15
198,,128,,1,1,67,A01,F,2020-01-16,2020-01-27 10:49:48.15
199,,22,,146,153,67,A01,F,2020-01-16,2020-01-27 10:49:48.15
200,,66,,237,281,67,A04,F,2020-01-16,2020-01-27 10:49:48.15
201,,359,,9,9,67,B03,F,2020-01-16,2020-01-27 10:49:48.15
202,,254,,4,4,67,B03,F,2020-01-16,2020-01-27 10:49:48.15
203,272246575.0,40,102488463.0,64,69,67,C01,F,2020-01-16,2020-01-27 10:49:48.15
204,248229305.0,41,108171008.0,61,66,67,C01,F,2020-01-16,2020-01-27 10:49:48.15
205,,30,,1888,1996,67,A04,F,2020-01-16,2020-01-27 10:49:48.15
206,,30,,526,550,67,A01,F,2020-01-16,2020-01-27 10:49:48.15
207,,71,,116,123,67,B99,F,2020-01-16,2020-01-27 10:49:48.15
208,,16,,12,13,67,B01,F,2020-01-16,2020-01-27 10:49:48.15
209,,9,,6,6,67,A05,F,2020-01-16,2020-01-27 10:49:48.15
210,,2,,3,3,67,B05,F,2020-01-16,2020-01-27 10:49:48.15
211,,130,,1,1,67,A04,F,2020-01-16,2020-01-27 10:49:48.15
212,72600000.0,151,27426863.0,3,3,67,C01,F,2020-01-16,2020-01-27 10:49:48.15
213,137950000.0,171,89174976.0,7,12,67,C01,F,2020-01-16,2020-01-27 10:49:48.15
214,,73,,9,9,67,A04,F,2020-01-16,2020-01-27 10:49:48.15
215,,10,,253,254,67,A99,F,2020-01-16,2020-01-27 10:49:48.15
216,,35,,13,13,67,B05,F,2020-01-16,2020-01-27 10:49:48.15
217,,142,,1,1,67,A01,F,2020-01-16,2020-01-27 10:49:48.15
218,,7,,6,6,67,B05,F,2020-01-16,2020-01-27 10:49:48.15
219,,48,,1,1,67,B07,F,2020-01-16,2020-01-27 10:49:48.15
220,,1,,4161,4929,67,B99,F,2020-01-16,2020-01-27 10:49:48.15
221,,12,,460,469,67,B05,F,2020-01-16,2020-01-27 10:49:48.15
222,,56,,44,54,67,B05,F,2020-01-16,2020-01-27 10:49:48.15
223,,206,,2,2,67,B03,F,2020-01-16,2020-01-27 10:49:48.15
224,501456530.0,49,226266110.0,110,129,67,C01,F,2020-01-16,2020-01-27 10:49:48.15
225,,360,,2427,2454,67,B03,F,2020-01-16,2020-01-27 10:49:48.15
226,,41,,239,250,67,B99,F,2020-01-16,2020-01-27 10:49:48.15
227,189325000.0,137,61565019.0,16,19,67,C01,F,2020-01-16,2020-01-27 10:49:48.15
228,,60,,2829,2930,67,B05,F,2020-01-16,2020-01-27 10:49:48.15
229,,87,,133,155,67,A01,F,2020-01-16,2020-01-27 10:49:48.15
230,,85,,2,2,67,B03,F,2020-01-16,2020-01-27 10:49:48.15
231,,10,,9,10,67,B01,F,2020-01-16,2020-01-27 10:49:48.15
232,,221,,2,2,67,B03,F,2020-01-16,2020-01-27 10:49:48.15
233,,55,,1,1,67,B03,F,2020-01-16,2020-01-27 10:49:48.15
234,419326822.0,80,253477697.0,62,71,67,C01,F,2020-01-16,2020-01-27 10:49:48.15
235,,323,,6,6,67,B03,F,2020-01-16,2020-01-27 10:49:48.15
236,,301,,1,1,67,B03,F,2020-01-16,2020-01-27 10:49:48.15
237,,201,,1,1,67,B03,F,2020-01-16,2020-01-27 10:49:48.15
238,578567936.0,71,283819206.0,104,110,67,C01,F,2020-01-16,2020-01-27 10:49:48.15
239,,278,,3,3,67,B03,F,2020-01-16,2020-01-27 10:49:48.15
240,138670000.0,170,90470353.0,7,10,67,C01,F,2020-01-16,2020-01-27 10:49:48.15
241,,36,,8,8,67,B03,F,2020-01-16,2020-01-27 10:49:48.15
242,525848168.0,58,311631732.0,106,116,67,C01,F,2020-01-16,2020-01-27 10:49:48.15
243,,32,,182,190,67,A01,F,2020-01-16,2020-01-27 10:49:48.15
244,,11,,14,14,67,B05,F,2020-01-16,2020-01-27 10:49:48.15
245,306016391.0,88,147375219.0,12,22,67,C01,F,2020-01-16,2020-01-27 10:49:48.15
246,,33,,226,242,67,A04,F,2020-01-16,2020-01-27 10:49:48.15
247,,60,,23,27,67,B03,F,2020-01-16,2020-01-27 10:49:48.15
248,176656130.0,108,40815243.0,12,12,67,C01,F,2020-01-16,2020-01-27 10:49:48.15
249,205950000.0,153,86755758.0,5,8,67,C01,F,2020-01-16,2020-01-27 10:49:48.15
250,,21,,476,489,67,B99,F,2020-01-16,2020-01-27 10:49:48.15
251,,22,,7,8,67,A05,F,2020-01-16,2020-01-27 10:49:48.15
252,,100,,1,1,67,B99,F,2020-01-16,2020-01-27 10:49:48.15
253,,18,,2,2,67,B01,F,2020-01-16,2020-01-27 10:49:48.15
254,,58,,988,1144,67,A01,F,2020-01-16,2020-01-27 10:49:48.15
255,,170,,2,2,67,B03,F,2020-01-16,2020-01-27 10:49:48.15
256,,143,,2,2,67,B03,F,2020-01-16,2020-01-27 10:49:48.15
257,151937053.0,87,47820491.0,12,15,67,C01,F,2020-01-16,2020-01-27 10:49:48.15
258,,67,,495,595,67,A01,F,2020-01-16,2020-01-27 10:49:48.15
259,,44,,13,13,67,B05,F,2020-01-16,2020-01-27 10:49:48.15
260,,8,,18,19,67,B05,F,2020-01-16,2020-01-27 10:49:48.15
261,,60,,3,3,67,B07,F,2020-01-16,2020-01-27 10:49:48.15
262,,2,,2,2,67,F01,F,2020-01-16,2020-01-27 10:49:48.15
263,,65,,2,2,67,B05,F,2020-01-16,2020-01-27 10:49:48.15
264,,69,,2,2,67,B05,F,2020-01-16,2020-01-27 10:49:48.15
265,,354,,2,2,67,B03,F,2020-01-16,2020-01-27 10:49:48.15
266,1138599830.0,110,1101393933.0,244,255,67,C01,F,2020-01-16,2020-01-27 10:49:48.15
267,441558886.0,79,255603761.0,51,67,67,C01,F,2020-01-16,2020-01-27 10:49:48.15
268,233622500.0,182,195796791.0,10,10,67,C01,F,2020-01-16,2020-01-27 10:49:48.15
269,,64,,113,119,67,B99,F,2020-01-16,2020-01-27 10:49:48.15
270,,251,,1,1,67,B03,F,2020-01-16,2020-01-27 10:49:48.15
271,,339,,3,3,67,B03,F,2020-01-16,2020-01-27 10:49:48.15
272,,309,,3,3,67,B03,F,2020-01-16,2020-01-27 10:49:48.15
273,,269,,1,1,67,B03,F,2020-01-16,2020-01-27 10:49:48.15
274,,24,,3,3,67,B06,F,2020-01-16,2020-01-27 10:49:48.15
275,,273,,3,3,67,B03,F,2020-01-16,2020-01-27 10:49:48.15
276,268040000.0,188,181347594.0,8,9,67,C01,F,2020-01-16,2020-01-27 10:49:48.15
277,,81,,92,103,67,A01,F,2020-01-16,2020-01-27 10:49:48.15
278,565167436.0,62,283266236.0,120,138,67,C01,F,2020-01-16,2020-01-27 10:49:48.15
279,95975000.0,132,58485805.0,7,15,67,C01,F,2020-01-16,2020-01-27 10:49:48.15
280,,74,,1,1,67,A04,F,2020-01-16,2020-01-27 10:49:48.15
281,,94,,5,5,67,B99,F,2020-01-16,2020-01-27 10:49:48.15
282,,275,,6,6,67,B03,F,2020-01-16,2020-01-27 10:49:48.15
283,44100200.0,19,16925762.0,10,12,67,C01,F,2020-01-16,2020-01-27 10:49:48.15
284,93050000.0,121,26815234.0,6,11,67,C01,F,2020-01-16,2020-01-27 10:49:48.15
285,,240,,439,440,67,B03,F,2020-01-16,2020-01-27 10:49:48.15
286,,90,,438,566,67,A01,F,2020-01-16,2020-01-27 10:49:48.15
287,,57,,164,191,67,A04,F,2020-01-16,2020-01-27 10:49:48.15
288,,357,,4,4,67,B03,F,2020-01-16,2020-01-27 10:49:48.15
289,,285,,5,5,67,B03,F,2020-01-16,2020-01-27 10:49:48.15
290,,106,,1,1,67,B99,F,2020-01-16,2020-01-27 10:49:48.15
291,6900000.0,199,5963843.0,1,1,67,C01,F,2020-01-16,2020-01-27 10:49:48.15
292,,83,,170,197,67,A01,F,2020-01-16,2020-01-27 10:49:48.15
293,,51,,341,374,67,A01,F,2020-01-16,2020-01-27 10:49:48.15
294,,320,,12,12,67,B03,F,2020-01-16,2020-01-27 10:49:48.15
295,,76,,3,3,67,A04,F,2020-01-16,2020-01-27 10:49:48.15
296,,151,,1,1,67,B03,F,2020-01-16,2020-01-27 10:49:48.15
297,,38,,228,242,67,A01,F,2020-01-16,2020-01-27 10:49:48.15
298,,92,,192,230,67,A01,F,2020-01-16,2020-01-27 10:49:48.15
299,,69,,188,220,67,A04,F,2020-01-16,2020-01-27 10:49:48.15
300,,78,,82,91,67,A01,F,2020-01-16,2020-01-27 10:49:48.15
301,,215,,3,3,67,B03,F,2020-01-16,2020-01-27 10:49:48.15
302,,22,,542,554,67,B99,F,2020-01-16,2020-01-27 10:49:48.15
303,,336,,3,3,67,B03,F,2020-01-16,2020-01-27 10:49:48.15
304,,49,,910,1002,67,A04,F,2020-01-16,2020-01-27 10:49:48.15
305,,245,,2,2,67,B03,F,2020-01-16,2020-01-27 10:49:48.15
306,,92,,7,7,67,B99,F,2020-01-16,2020-01-27 10:49:48.15
307,,334,,9,9,67,B03,F,2020-01-16,2020-01-27 10:49:48.15
308,,12,,16862,17989,67,B99,F,2020-01-16,2020-01-27 10:49:48.15
309,,11,,112,122,67,A01,F,2020-01-16,2020-01-27 10:49:48.15
310,,70,,397,432,67,A04,F,2020-01-16,2020-01-27 10:49:48.15
311,,73,,9,9,67,B99,F,2020-01-16,2020-01-27 10:49:48.15
312,,129,,1,1,67,A04,F,2020-01-16,2020-01-27 10:49:48.15
313,151980000.0,114,25263737.0,11,11,67,C01,F,2020-01-16,2020-01-27 10:49:48.15
314,,9,,7,7,67,B05,F,2020-01-16,2020-01-27 10:49:48.15
315,,19,,8,9,67,B05,F,2020-01-16,2020-01-27 10:49:48.15
316,,41,,5,5,67,B05,F,2020-01-16,2020-01-27 10:49:48.15
317,550827723.0,67,262709595.0,100,120,67,C01,F,2020-01-16,2020-01-27 10:49:48.15
318,,72,,37316,48231,67,A04,F,2020-01-16,2020-01-27 10:49:48.15
319,,81,,14,14,67,B99,F,2020-01-16,2020-01-27 10:49:48.15
320,,255,,4,4,67,B03,F,2020-01-16,2020-01-27 10:49:48.15
321,,18,,27,28,67,A99,F,2020-01-16,2020-01-27 10:49:48.15
322,,7,,59,71,67,B01,F,2020-01-16,2020-01-27 10:49:48.15
323,,25,,15,15,67,B05,F,2020-01-16,2020-01-27 10:49:48.15
324,20540000.0,149,17919959.0,2,2,67,C01,F,2020-01-16,2020-01-27 10:49:48.15
325,,37,,154,166,67,A04,F,2020-01-16,2020-01-27 10:49:48.15
326,,178,,2,2,67,A04,F,2020-01-16,2020-01-27 10:49:48.15
327,,118,,1,1,67,A04,F,2020-01-16,2020-01-27 10:49:48.15
328,,266,,1,1,67,B03,F,2020-01-16,2020-01-27 10:49:48.15
329,,80,,15,15,67,B99,F,2020-01-16,2020-01-27 10:49:48.15
330,1217647137.0,65,540170295.0,285,316,67,C01,F,2020-01-16,2020-01-27 10:49:48.15
331,,38,,286,296,67,A04,F,2020-01-16,2020-01-27 10:49:48.15
332,,39,,223,240,67,A01,F,2020-01-16,2020-01-27 10:49:48.15
333,960213536.0,77,769056349.0,189,198,67,C01,F,2020-01-16,2020-01-27 10:49:48.15
334,,97,,478,503,67,A01,F,2020-01-16,2020-01-27 10:49:48.15
335,,5,,619,630,67,A99,F,2020-01-16,2020-01-27 10:49:48.15
336,,72,,7,7,67,B03,F,2020-01-16,2020-01-27 10:49:48.15
337,,140,,6,6,67,B03,F,2020-01-16,2020-01-27 10:49:48.15
338,,112,,4,8,67,A01,F,2020-01-16,2020-01-27 10:49:48.15
339,,268,,1,1,67,B03,F,2020-01-16,2020-01-27 10:49:48.15
340,,119,,2,2,67,A04,F,2020-01-16,2020-01-27 10:49:48.15
341,320140058.0,42,140357803.0,67,83,67,C01,F,2020-01-16,2020-01-27 10:49:48.15
342,170284617.0,99,66576725.0,12,16,67,C01,F,2020-01-16,2020-01-27 10:49:48.15
343,,4,,852,870,67,A99,F,2020-01-16,2020-01-27 10:49:48.15
344,,32,,382,406,67,B99,F,2020-01-16,2020-01-27 10:49:48.15
345,,61,,173,192,67,A04,F,2020-01-16,2020-01-27 10:49:48.15
346,,92,,2,2,67,B03,F,2020-01-16,2020-01-27 10:49:48.15
347,23140000.0,181,12535791.0,3,3,67,C01,F,2020-01-16,2020-01-27 10:49:48.15
348,23584557.0,21,12140305.0,7,7,67,C01,F,2020-01-16,2020-01-27 10:49:48.15
349,22890000.0,111,4060928.0,2,2,67,C01,F,2020-01-16,2020-01-27 10:49:48.15
350,45800000.0,118,7033740.0,3,3,67,C01,F,2020-01-16,2020-01-27 10:49:48.15
351,,52,,6,6,67,B05,F,2020-01-16,2020-01-27 10:49:48.15
352,,113,,9,13,67,A01,F,2020-01-16,2020-01-27 10:49:48.15
353,,249,,3,3,67,B03,F,2020-01-16,2020-01-27 10:49:48.15
354,,34,,1,1,67,A99,F,2020-01-16,2020-01-27 10:49:48.15
355,,3,,1,1,67,B01,F,2020-01-16,2020-01-27 10:49:48.15
356,,310,,9,9,67,B03,F,2020-01-16,2020-01-27 10:49:48.15
357,,22,,10,10,67,A99,F,2020-01-16,2020-01-27 10:49:48.15
358,,65,,2,2,67,B03,F,2020-01-16,2020-01-27 10:49:48.15
359,,27,,369,388,67,B99,F,2020-01-16,2020-01-27 10:49:48.15
360,,96,,116,151,67,A04,F,2020-01-16,2020-01-27 10:49:48.15
361,,91,,114,133,67,A01,F,2020-01-16,2020-01-27 10:49:48.15
362,,24,,3001,3071,67,B05,F,2020-01-16,2020-01-27 10:49:48.15
363,,35,,1453,1481,67,A04,F,2020-01-16,2020-01-27 10:49:48.15
364,,262,,3,3,67,B03,F,2020-01-16,2020-01-27 10:49:48.15
365,,95,,9,9,67,B99,F,2020-01-16,2020-01-27 10:49:48.15
366,,103,,1,1,67,B99,F,2020-01-16,2020-01-27 10:49:48.15
367,106281490.0,106,46274205.0,13,13,67,C01,F,2020-01-16,2020-01-27 10:49:48.15
368,5350000.0,11,1459095.0,1,1,67,C01,F,2020-01-16,2020-01-27 10:49:48.15
369,,39,,216,225,67,B99,F,2020-01-16,2020-01-27 10:49:48.15
370,,14,,884,902,67,A04,F,2020-01-16,2020-01-27 10:49:48.15
371,,107,,3,6,67,A01,F,2020-01-16,2020-01-27 10:49:48.15
372,,286,,4,4,67,B03,F,2020-01-16,2020-01-27 10:49:48.15
373,,49,,10,10,67,B05,F,2020-01-16,2020-01-27 10:49:48.15
374,,227,,1,1,67,B03,F,2020-01-16,2020-01-27 10:49:48.15
375,,90,,2,2,67,B03,F,2020-01-16,2020-01-27 10:49:48.15
376,,100,,7,7,67,A04,F,2020-01-16,2020-01-27 10:49:48.15
377,,86,,129,158,67,A01,F,2020-01-16,2020-01-27 10:49:48.15
378,131070000.0,138,47372147.0,11,13,67,C01,F,2020-01-16,2020-01-27 10:49:48.15
379,186080000.0,143,39941763.0,13,16,67,C01,F,2020-01-16,2020-01-27 10:49:48.15
380,,61,,1,1,67,B05,F,2020-01-16,2020-01-27 10:49:48.15
381,,198,,2,2,67,B03,F,2020-01-16,2020-01-27 10:49:48.15
382,498699313.0,57,259818902.0,101,116,67,C01,F,2020-01-16,2020-01-27 10:49:48.15
383,,18,,2058,2117,67,B99,F,2020-01-16,2020-01-27 10:49:48.15
384,,25,,506,521,67,A04,F,2020-01-16,2020-01-27 10:49:48.15
385,,37,,13,13,67,B05,F,2020-01-16,2020-01-27 10:49:48.15
386,,30,,3,3,67,A99,F,2020-01-16,2020-01-27 10:49:48.15
387,,260,,4,4,67,B03,F,2020-01-16,2020-01-27 10:49:48.15
388,,15,,346,363,67,A01,F,2020-01-16,2020-01-27 10:49:48.15
389,,125,,2,2,67,B03,F,2020-01-16,2020-01-27 10:49:48.15
390,112135000.0,130,42490399.0,8,11,67,C01,F,2020-01-16,2020-01-27 10:49:48.15
391,189927500.0,190,119859597.0,10,12,67,C01,F,2020-01-16,2020-01-27 10:49:48.15
392,33210000.0,196,29821302.0,2,3,67,C01,F,2020-01-16,2020-01-27 10:49:48.15
393,,355,,3,3,67,B03,F,2020-01-16,2020-01-27 10:49:48.15
394,,277,,2,2,67,B03,F,2020-01-16,2020-01-27 10:49:48.15
395,246428032.0,38,122724175.0,42,60,67,C01,F,2020-01-16,2020-01-27 10:49:48.15
396,,292,,2,2,67,B03,F,2020-01-16,2020-01-27 10:49:48.15
397,290320767.0,36,122053066.0,55,69,67,C01,F,2020-01-16,2020-01-27 10:49:48.15
398,,20,,27,27,67,B05,F,2020-01-16,2020-01-27 10:49:48.15
399,,84,,15,16,67,B99,F,2020-01-16,2020-01-27 10:49:48.15
400,,179,,6,6,67,A04,F,2020-01-16,2020-01-27 10:49:48.15
401,,298,,1,1,67,B03,F,2020-01-16,2020-01-27 10:49:48.15
402,44447735.0,22,26406348.0,11,13,67,C01,F,2020-01-16,2020-01-27 10:49:48.15
403,20065000.0,150,18006330.0,2,2,67,C01,F,2020-01-16,2020-01-27 10:49:48.15
404,,10,,13336,15212,67,A04,F,2020-01-16,2020-01-27 10:49:48.15
405,,9,,312,316,67,A99,F,2020-01-16,2020-01-27 10:49:48.15
406,,74,,62,71,67,A01,F,2020-01-16,2020-01-27 10:49:48.15
407,,209,,1,1,67,B03,F,2020-01-16,2020-01-27 10:49:48.15
408,,243,,2,2,67,B03,F,2020-01-16,2020-01-27 10:49:48.15
409,200145700.0,45,90093615.0,52,57,67,C01,F,2020-01-16,2020-01-27 10:49:48.15
410,,7,,74,74,67,A01,F,2020-01-16,2020-01-27 10:49:48.15
411,,132,,3,3,67,B03,F,2020-01-16,2020-01-27 10:49:48.15
412,,80,,166,187,67,A01,F,2020-01-16,2020-01-27 10:49:48.15
413,,53,,122,146,67,A04,F,2020-01-16,2020-01-27 10:49:48.15
414,,27,,202,214,67,A01,F,2020-01-16,2020-01-27 10:49:48.15
415,,33,,1,1,67,A99,F,2020-01-16,2020-01-27 10:49:48.15
416,,3,,21732,25601,67,A04,F,2020-01-16,2020-01-27 10:49:48.15
417,,48,,3994,4411,67,A01,F,2020-01-16,2020-01-27 10:49:48.15
418,,59,,801,950,67,A01,F,2020-01-16,2020-01-27 10:49:48.15
419,,15,,17,17,67,A05,F,2020-01-16,2020-01-27 10:49:48.15
420,573697717.0,68,277898994.0,124,136,67,C01,F,2020-01-16,2020-01-27 10:49:48.15
421,438330000.0,179,258533959.0,17,21,67,C01,F,2020-01-16,2020-01-27 10:49:48.15
422,,10,,13323,13999,67,B99,F,2020-01-16,2020-01-27 10:49:48.15
423,,214,,1,1,67,B03,F,2020-01-16,2020-01-27 10:49:48.15
424,,21,,2,2,67,B01,F,2020-01-16,2020-01-27 10:49:48.15
425,704469115.0,69,350598035.0,150,166,67,C01,F,2020-01-16,2020-01-27 10:49:48.15
426,36750000.0,113,6092991.0,5,5,67,C01,F,2020-01-16,2020-01-27 10:49:48.15
427,6050000.0,148,4782725.0,1,1,67,C01,F,2020-01-16,2020-01-27 10:49:48.15
428,,73,,170,181,67,A01,F,2020-01-16,2020-01-27 10:49:48.15
429,,20,,28,28,67,A99,F,2020-01-16,2020-01-27 10:49:48.15
430,,177,,4,4,67,A04,F,2020-01-16,2020-01-27 10:49:48.15
431,,172,,1,1,67,B03,F,2020-01-16,2020-01-27 10:49:48.15
432,104536472.0,34,33187617.0,20,25,67,C01,F,2020-01-16,2020-01-27 10:49:48.15
433,155290000.0,174,96488405.0,12,17,67,C01,F,2020-01-16,2020-01-27 10:49:48.15
434,61082157.0,29,25378303.0,13,14,67,C01,F,2020-01-16,2020-01-27 10:49:48.15
435,,42,,264,279,67,B99,F,2020-01-16,2020-01-27 10:49:48.15
436,,6,,503,512,67,A99,F,2020-01-16,2020-01-27 10:49:48.15
437,,180,,195,198,67,B03,F,2020-01-16,2020-01-27 10:49:48.15
438,,54,,219,243,67,A04,F,2020-01-16,2020-01-27 10:49:48.15
439,,33,,11,11,67,B05,F,2020-01-16,2020-01-27 10:49:48.15
440,,67,,15,17,67,B05,F,2020-01-16,2020-01-27 10:49:48.15
441,,88,,8,8,67,B99,F,2020-01-16,2020-01-27 10:49:48.15
442,342442500.0,141,85165612.0,20,21,67,C01,F,2020-01-16,2020-01-27 10:49:48.15
443,,6,,9896,10401,67,B99,F,2020-01-16,2020-01-27 10:49:48.15
444,,58,,160,174,67,B99,F,2020-01-16,2020-01-27 10:49:48.15
445,,53,,111,115,67,B99,F,2020-01-16,2020-01-27 10:49:48.15
446,,247,,2,2,67,B03,F,2020-01-16,2020-01-27 10:49:48.15
447,,307,,3,3,67,B03,F,2020-01-16,2020-01-27 10:49:48.15
448,,28,,267,273,67,B99,F,2020-01-16,2020-01-27 10:49:48.15
449,,175,,1,1,67,B03,F,2020-01-16,2020-01-27 10:49:48.15
450,,98,,9,11,67,A01,F,2020-01-16,2020-01-27 10:49:48.15
451,,4,,16192,18173,67,A04,F,2020-01-16,2020-01-27 10:49:48.15
452,,32,,2,2,67,A99,F,2020-01-16,2020-01-27 10:49:48.15
453,262571475.0,74,188789997.0,40,42,67,C01,F,2020-01-16,2020-01-27 10:49:48.15
454,147860000.0,166,107673723.0,7,7,67,C01,F,2020-01-16,2020-01-27 10:49:48.15
455,,9,,9,9,67,B01,F,2020-01-16,2020-01-27 10:49:48.15
456,,350,,10,10,67,B03,F,2020-01-16,2020-01-27 10:49:48.15
457,,76,,1,1,67,B03,F,2020-01-16,2020-01-27 10:49:48.15
458,,93,,154,188,67,A01,F,2020-01-16,2020-01-27 10:49:48.15
459,,179,,3,3,67,B03,F,2020-01-16,2020-01-27 10:49:48.15
460,,288,,2,2,67,B03,F,2020-01-16,2020-01-27 10:49:48.15
461,100020000.0,168,48869008.0,5,7,67,C01,F,2020-01-16,2020-01-27 10:49:48.15
462,239672714.0,39,95557278.0,49,62,67,C01,F,2020-01-16,2020-01-27 10:49:48.15
463,,13,,638,653,67,A04,F,2020-01-16,2020-01-27 10:49:48.15
464,,118,,7,8,67,A01,F,2020-01-16,2020-01-27 10:49:48.15
465,,52,,373,408,67,A01,F,2020-01-16,2020-01-27 10:49:48.15
466,,16,,1467,1519,67,B99,F,2020-01-16,2020-01-27 10:49:48.15
467,,25,,219,224,67,B99,F,2020-01-16,2020-01-27 10:49:48.15
468,,32,,578,626,67,A04,F,2020-01-16,2020-01-27 10:49:48.15
469,,235,,1,1,67,B03,F,2020-01-16,2020-01-27 10:49:48.15
470,193905437.0,44,81882163.0,50,56,67,C01,F,2020-01-16,2020-01-27 10:49:48.15
471,,52,,165,173,67,A04,F,2020-01-16,2020-01-27 10:49:48.15
472,,25,,168,180,67,A01,F,2020-01-16,2020-01-27 10:49:48.15
473,,257,,2,2,67,B03,F,2020-01-16,2020-01-27 10:49:48.15
474,,238,,1,1,67,B03,F,2020-01-16,2020-01-27 10:49:48.15
475,,337,,2,2,67,B03,F,2020-01-16,2020-01-27 10:49:48.15
476,,177,,1,1,67,B03,F,2020-01-16,2020-01-27 10:49:48.15
477,142305000.0,183,68688227.0,8,9,67,C01,F,2020-01-16,2020-01-27 10:49:48.15
478,212852621.0,96,84678820.0,17,20,67,C01,F,2020-01-16,2020-01-27 10:49:48.15
479,,5,,72,88,67,B01,F,2020-01-16,2020-01-27 10:49:48.15
480,,204,,7,7,67,B03,F,2020-01-16,2020-01-27 10:49:48.15
481,,29,,257,264,67,A04,F,2020-01-16,2020-01-27 10:49:48.15
482,,16,,27,27,67,A99,F,2020-01-16,2020-01-27 10:49:48.15
483,,61,,97,105,67,B99,F,2020-01-16,2020-01-27 10:49:48.15
484,,35,,22,26,67,A99,F,2020-01-16,2020-01-27 10:49:48.15
485,,59,,7,7,67,B05,F,2020-01-16,2020-01-27 10:49:48.15
486,,70,,2,2,67,B03,F,2020-01-16,2020-01-27 10:49:48.15
487,,62,,856,1033,67,A01,F,2020-01-16,2020-01-27 10:49:48.15
488,,52,,104,115,67,B99,F,2020-01-16,2020-01-27 10:49:48.15
489,,13,,164,170,67,A01,F,2020-01-16,2020-01-27 10:49:48.15
490,,40,,390,417,67,A01,F,2020-01-16,2020-01-27 10:49:48.15
491,,21,,501,518,67,A04,F,2020-01-16,2020-01-27 10:49:48.15
492,,8,,4832,5010,67,B99,F,2020-01-16,2020-01-27 10:49:48.15
493,,70,,1341,1470,67,A01,F,2020-01-16,2020-01-27 10:49:48.15
494,,20,,379,392,67,A01,F,2020-01-16,2020-01-27 10:49:48.15
495,,6,,226,227,67,A01,F,2020-01-16,2020-01-27 10:49:48.15
496,,87,,8,9,67,B99,F,2020-01-16,2020-01-27 10:49:48.15
497,,91,,11,11,67,B99,F,2020-01-16,2020-01-27 10:49:48.15
498,,218,,1,1,67,B03,F,2020-01-16,2020-01-27 10:49:48.15
499,,29,,8,8,67,B05,F,2020-01-16,2020-01-27 10:49:48.15
500,,102,,1,1,67,A01,F,2020-01-16,2020-01-27 10:49:48.15
501,,117,,1,1,67,B99,F,2020-01-16,2020-01-27 10:49:48.15
502,,19,,33,33,67,A99,F,2020-01-16,2020-01-27 10:49:48.15
503,,142,,1,1,67,B03,F,2020-01-16,2020-01-27 10:49:48.15
504,,79,,12,15,67,B99,F,2020-01-16,2020-01-27 10:49:48.15
505,,64,,1,1,67,B05,F,2020-01-16,2020-01-27 10:49:48.15
506,224939733.0,83,149223755.0,38,41,67,C01,F,2020-01-16,2020-01-27 10:49:48.15
507,,63,,912,1097,67,A01,F,2020-01-16,2020-01-27 10:49:48.15
508,,28,,13,13,67,B05,F,2020-01-16,2020-01-27 10:49:48.15
509,,20,,16,16,67,A05,F,2020-01-16,2020-01-27 10:49:48.15
510,249440000.0,133,81446415.0,11,12,67,C01,F,2020-01-16,2020-01-27 10:49:48.15
511,,17,,503,511,67,A04,F,2020-01-16,2020-01-27 10:49:48.15
512,,15,,7,7,67,B01,F,2020-01-16,2020-01-27 10:49:48.15
513,,153,,3,3,67,B03,F,2020-01-16,2020-01-27 10:49:48.15
514,,155,,1,1,67,B03,F,2020-01-16,2020-01-27 10:49:48.15
515,583787378.0,48,232367611.0,132,150,67,C01,F,2020-01-16,2020-01-27 10:49:48.15
516,90922636.0,28,39303337.0,21,23,67,C01,F,2020-01-16,2020-01-27 10:49:48.15
517,155160000.0,140,54300570.0,16,21,67,C01,F,2020-01-16,2020-01-27 10:49:48.15
518,,55,,130,137,67,B99,F,2020-01-16,2020-01-27 10:49:48.15
519,,34,,10,10,67,B05,F,2020-01-16,2020-01-27 10:49:48.15
520,,58,,28,30,67,B05,F,2020-01-16,2020-01-27 10:49:48.15
521,102060000.0,139,41639283.0,10,12,67,C01,F,2020-01-16,2020-01-27 10:49:48.15
522,88835000.0,147,33520862.0,6,6,67,C01,F,2020-01-16,2020-01-27 10:49:48.15
523,,36,,17088,18888,67,A04,F,2020-01-16,2020-01-27 10:49:48.15
524,,335,,4,4,67,B03,F,2020-01-16,2020-01-27 10:49:48.15
525,,121,,2,2,67,B03,F,2020-01-16,2020-01-27 10:49:48.15
526,83441217.0,97,37619583.0,8,10,67,C01,F,2020-01-16,2020-01-27 10:49:48.15
527,,46,,252,271,67,A01,F,2020-01-16,2020-01-27 10:49:48.15
528,,353,,7,7,67,B03,F,2020-01-16,2020-01-27 10:49:48.15
529,,190,,3,3,67,B03,F,2020-01-16,2020-01-27 10:49:48.15
530,,167,,1,1,67,B03,F,2020-01-16,2020-01-27 10:49:48.15
531,,9,,3717,3827,67,B99,F,2020-01-16,2020-01-27 10:49:48.15
532,69952500.0,187,61418425.0,8,8,67,C01,F,2020-01-16,2020-01-27 10:49:48.15
533,,36,,3365,3638,67,A01,F,2020-01-16,2020-01-27 10:49:48.15
534,,59,,174,182,67,B99,F,2020-01-16,2020-01-27 10:49:48.15
535,,43,,280,303,67,B99,F,2020-01-16,2020-01-27 10:49:48.15
536,,70,,116,122,67,B99,F,2020-01-16,2020-01-27 10:49:48.15
537,,3,,6,6,67,B05,F,2020-01-16,2020-01-27 10:49:48.15
538,,202,,1,1,67,B03,F,2020-01-16,2020-01-27 10:49:48.15
539,108960000.0,101,29290601.0,7,9,67,C01,F,2020-01-16,2020-01-27 10:49:48.15
540,39780000.0,127,16212970.0,3,4,67,C01,F,2020-01-16,2020-01-27 10:49:48.15
541,,29,,179,194,67,A01,F,2020-01-16,2020-01-27 10:49:48.15
542,,8,,57,79,67,B01,F,2020-01-16,2020-01-27 10:49:48.15
543,,17,,1,1,67,A05,F,2020-01-16,2020-01-27 10:49:48.15
544,100205562.0,89,50924180.0,8,9,67,C01,F,2020-01-16,2020-01-27 10:49:48.15
545,,17,,589,600,67,B99,F,2020-01-16,2020-01-27 10:49:48.15
546,,31,,286,301,67,A04,F,2020-01-16,2020-01-27 10:49:48.15
547,,45,,312,345,67,B99,F,2020-01-16,2020-01-27 10:49:48.15
548,,50,,22,22,67,B05,F,2020-01-16,2020-01-27 10:49:48.15
549,,233,,2,2,67,B03,F,2020-01-16,2020-01-27 10:49:48.15
550,,141,,1,1,67,B03,F,2020-01-16,2020-01-27 10:49:48.15
551,247140540.0,43,93150044.0,51,63,67,C01,F,2020-01-16,2020-01-27 10:49:48.15
552,106695000.0,123,26187026.0,6,8,67,C01,F,2020-01-16,2020-01-27 10:49:48.15
553,,12,,27050,30653,67,A04,F,2020-01-16,2020-01-27 10:49:48.15
554,,31,,304,321,67,B99,F,2020-01-16,2020-01-27 10:49:48.15
555,,30,,196,197,67,B05,F,2020-01-16,2020-01-27 10:49:48.15
556,,4,,20,20,67,A05,F,2020-01-16,2020-01-27 10:49:48.15
557,,325,,5,5,67,B03,F,2020-01-16,2020-01-27 10:49:48.15
558,,119,,3,3,67,A01,F,2020-01-16,2020-01-27 10:49:48.15
559,,11,,1774,1792,67,A04,F,2020-01-16,2020-01-27 10:49:48.15
560,,45,,272,292,67,A01,F,2020-01-16,2020-01-27 10:49:48.15
561,,54,,455,493,67,A01,F,2020-01-16,2020-01-27 10:49:48.15
562,,71,,580,649,67,A01,F,2020-01-16,2020-01-27 10:49:48.15
563,,79,,91,102,67,A01,F,2020-01-16,2020-01-27 10:49:48.15
564,,212,,1,1,67,B03,F,2020-01-16,2020-01-27 10:49:48.15
565,,189,,1,1,67,B03,F,2020-01-16,2020-01-27 10:49:48.15
566,677614338.0,66,380908247.0,139,158,67,C01,F,2020-01-16,2020-01-27 10:49:48.15
567,417705651.0,59,215029199.0,89,95,67,C01,F,2020-01-16,2020-01-27 10:49:48.15
568,,7,,4542,4669,67,B99,F,2020-01-16,2020-01-27 10:49:48.15
569,,20,,758,780,67,B99,F,2020-01-16,2020-01-27 10:49:48.15
570,,111,,8,17,67,A01,F,2020-01-16,2020-01-27 10:49:48.15
571,,109,,3,3,67,A01,F,2020-01-16,2020-01-27 10:49:48.15
572,,346,,6,6,67,B03,F,2020-01-16,2020-01-27 10:49:48.15
573,245968191.0,73,153653043.0,39,39,67,C01,F,2020-01-16,2020-01-27 10:49:48.15
574,,120,,291,307,67,B03,F,2020-01-16,2020-01-27 10:49:48.15
575,,17,,11,11,67,B05,F,2020-01-16,2020-01-27 10:49:48.15
576,,10,,48,48,67,A05,F,2020-01-16,2020-01-27 10:49:48.15
577,,4,,3,3,67,B01,F,2020-01-16,2020-01-27 10:49:48.15
578,,173,,1,1,67,B03,F,2020-01-16,2020-01-27 10:49:48.15
579,,60,,11509,15433,67,A01,F,2020-01-16,2020-01-27 10:49:48.15
580,,24,,2979,3091,67,B99,F,2020-01-16,2020-01-27 10:49:48.15
581,,42,,302,326,67,A01,F,2020-01-16,2020-01-27 10:49:48.15
582,,230,,4,4,67,B03,F,2020-01-16,2020-01-27 10:49:48.15
583,,74,,7,7,67,B99,F,2020-01-16,2020-01-27 10:49:48.15
584,,25,,1,1,67,A05,F,2020-01-16,2020-01-27 10:49:48.15
585,,270,,9,9,67,B03,F,2020-01-16,2020-01-27 10:49:48.15
586,140505000.0,197,87280026.0,10,12,67,C01,F,2020-01-16,2020-01-27 10:49:48.15
587,103305000.0,186,81096591.0,8,8,67,C01,F,2020-01-16,2020-01-27 10:49:48.15
588,,26,,178,186,67,A01,F,2020-01-16,2020-01-27 10:49:48.15
589,,70,,6,6,67,B05,F,2020-01-16,2020-01-27 10:49:48.15
590,,16,,14,14,67,B05,F,2020-01-16,2020-01-27 10:49:48.15
591,,119,,1,1,67,B03,F,2020-01-16,2020-01-27 10:49:48.15
592,98917500.0,175,78161657.0,11,11,67,C01,F,2020-01-16,2020-01-27 10:49:48.15
593,,48,,16826,20800,67,A04,F,2020-01-16,2020-01-27 10:49:48.15
594,,53,,588,661,67,A01,F,2020-01-16,2020-01-27 10:49:48.15
595,,41,,180,197,67,A01,F,2020-01-16,2020-01-27 10:49:48.15
596,,78,,10,11,67,B99,F,2020-01-16,2020-01-27 10:49:48.15
597,,27,,1,1,67,A99,F,2020-01-16,2020-01-27 10:49:48.15
598,,168,,5,5,67,B03,F,2020-01-16,2020-01-27 10:49:48.15
599,,23,,1450,1461,67,A04,F,2020-01-16,2020-01-27 10:49:48.15
600,,82,,14,15,67,B99,F,2020-01-16,2020-01-27 10:49:48.15
601,,42,,39,39,67,B05,F,2020-01-16,2020-01-27 10:49:48.15
602,,75,,70,73,67,A01,F,2020-01-16,2020-01-27 10:49:48.15
603,,40,,43,43,67,B05,F,2020-01-16,2020-01-27 10:49:48.15
604,,39,,2,2,67,B05,F,2020-01-16,2020-01-27 10:49:48.15
605,2012012500.0,180,1241458184.0,161,216,67,C01,F,2020-01-16,2020-01-27 10:49:48.15
606,103555000.0,184,92798978.0,9,9,67,C01,F,2020-01-16,2020-01-27 10:49:48.15
607,,8,,5797,6212,67,A04,F,2020-01-16,2020-01-27 10:49:48.15
608,,46,,11,11,67,B05,F,2020-01-16,2020-01-27 10:49:48.15
609,,213,,2,2,67,B03,F,2020-01-16,2020-01-27 10:49:48.15
610,,19,,137,151,67,A01,F,2020-01-16,2020-01-27 10:49:48.15
611,,345,,6,7,67,B03,F,2020-01-16,2020-01-27 10:49:48.15
612,47460000.0,300,29712717.0,2,2,67,C01,F,2020-01-16,2020-01-27 10:49:48.15
613,23450000.0,146,20985178.0,3,3,67,C01,F,2020-01-16,2020-01-27 10:49:48.15
614,,1,,6261,6733,67,A99,F,2020-01-16,2020-01-27 10:49:48.15
615,,193,,3,3,67,B03,F,2020-01-16,2020-01-27 10:49:48.15
616,,234,,3,3,67,B03,F,2020-01-16,2020-01-27 10:49:48.15
617,,26,,1,1,67,A99,F,2020-01-16,2020-01-27 10:49:48.15
618,,135,,1,1,67,B03,F,2020-01-16,2020-01-27 10:49:48.15
619,,313,,1,1,67,B03,F,2020-01-16,2020-01-27 10:49:48.15
620,,207,,2,2,67,B03,F,2020-01-16,2020-01-27 10:49:48.15
621,,176,,1,1,67,A04,F,2020-01-16,2020-01-27 10:49:48.15
622,,40,,2101,2226,67,A04,F,2020-01-16,2020-01-27 10:49:48.15
623,,2,,1343,1481,67,B99,F,2020-01-16,2020-01-27 10:49:48.15
624,,26,,325,335,67,A04,F,2020-01-16,2020-01-27 10:49:48.15
625,,191,,2,2,67,B03,F,2020-01-16,2020-01-27 10:49:48.15
626,,144,,1,1,67,A04,F,2020-01-16,2020-01-27 10:49:48.15
627,,272,,1,1,67,B03,F,2020-01-16,2020-01-27 10:49:48.15
628,1493780000.0,192,1316010490.0,46,53,67,C01,F,2020-01-16,2020-01-27 10:49:48.15
629,,57,,11,11,67,B05,F,2020-01-16,2020-01-27 10:49:48.15
630,,80,,7,7,67,A04,F,2020-01-16,2020-01-27 10:49:48.15
631,,328,,1,1,67,B03,F,2020-01-16,2020-01-27 10:49:48.15
632,,327,,5,5,67,B03,F,2020-01-16,2020-01-27 10:49:48.15
633,,7,,3,3,67,A05,F,2020-01-16,2020-01-27 10:49:48.15
634,1879602500.0,144,501273183.0,170,208,67,C01,F,2020-01-16,2020-01-27 10:49:48.15
635,,18,,613,642,67,A01,F,2020-01-16,2020-01-27 10:49:48.15
636,,51,,119,127,67,B99,F,2020-01-16,2020-01-27 10:49:48.15
637,,16,,177,187,67,A01,F,2020-01-16,2020-01-27 10:49:48.15
638,,6,,40,40,67,A05,F,2020-01-16,2020-01-27 10:49:48.15
639,,109,,1,1,67,A04,F,2020-01-16,2020-01-27 10:49:48.15
640,,296,,1,1,67,B03,F,2020-01-16,2020-01-27 10:49:48.15
641,217682531.0,91,94096909.0,16,21,67,C01,F,2020-01-16,2020-01-27 10:49:48.15
642,,27,,1027,1103,67,A04,F,2020-01-16,2020-01-27 10:49:48.15
643,,62,,201,225,67,A04,F,2020-01-16,2020-01-27 10:49:48.15
644,,28,,3,3,67,A99,F,2020-01-16,2020-01-27 10:49:48.15
645,,13,,2,2,67,B01,F,2020-01-16,2020-01-27 10:49:48.15
646,,11,,2151,2214,67,B99,F,2020-01-16,2020-01-27 10:49:48.15
647,,82,,122,140,67,A01,F,2020-01-16,2020-01-27 10:49:48.15
648,,12,,221,223,67,A05,F,2020-01-16,2020-01-27 10:49:48.15
649,,104,,3,3,67,A01,F,2020-01-16,2020-01-27 10:49:48.15
650,,13,,2,2,67,A05,F,2020-01-16,2020-01-27 10:49:48.15
651,255040138.0,98,139986988.0,19,19,67,C01,F,2020-01-16,2020-01-27 10:49:48.15
652,190465000.0,173,137740476.0,12,15,67,C01,F,2020-01-16,2020-01-27 10:49:48.15
653,,16,,1000,1047,67,A04,F,2020-01-16,2020-01-27 10:49:48.15
654,,30,,347,376,67,B99,F,2020-01-16,2020-01-27 10:49:48.15
655,,76,,12,16,67,B99,F,2020-01-16,2020-01-27 10:49:48.15
656,,96,,8,9,67,B99,F,2020-01-16,2020-01-27 10:49:48.15
657,,86,,1,1,67,A04,F,2020-01-16,2020-01-27 10:49:48.15
658,,65,,1278,1544,67,A01,F,2020-01-16,2020-01-27 10:49:48.15
659,,89,,13,13,67,B99,F,2020-01-16,2020-01-27 10:49:48.15
660,,200,,21,21,67,B03,F,2020-01-16,2020-01-27 10:49:48.15
661,,225,,1,1,67,B03,F,2020-01-16,2020-01-27 10:49:48.15
662,230820000.0,135,93038932.0,16,23,67,C01,F,2020-01-16,2020-01-27 10:49:48.15
663,,194,,2,2,67,B03,F,2020-01-16,2020-01-27 10:49:48.15
664,,304,,3,3,67,B03,F,2020-01-16,2020-01-27 10:49:48.15
665,,11,,3,3,67,B01,F,2020-01-16,2020-01-27 10:49:48.15
666,,322,,1,1,67,B03,F,2020-01-16,2020-01-27 10:49:48.15
667,,316,,1,1,67,B03,F,2020-01-16,2020-01-27 10:49:48.15
668,,15,,7394,7773,67,B99,F,2020-01-16,2020-01-27 10:49:48.15
669,,131,,1,1,67,B03,F,2020-01-16,2020-01-27 10:49:48.15
670,82152120.0,23,46998382.0,7,23,67,C01,F,2020-01-16,2020-01-27 10:49:48.15
671,449007195.0,75,318212015.0,75,84,67,C01,F,2020-01-16,2020-01-27 10:49:48.15
672,179235000.0,193,111548203.0,13,18,67,C01,F,2020-01-16,2020-01-27 10:49:48.15
673,132940000.0,163,78322286.0,8,9,67,C01,F,2020-01-16,2020-01-27 10:49:48.15
674,,105,,3,4,67,A01,F,2020-01-16,2020-01-27 10:49:48.15
675,,45,,13,13,67,B05,F,2020-01-16,2020-01-27 10:49:48.15
676,,348,,6,6,67,B03,F,2020-01-16,2020-01-27 10:49:48.15
677,,98,,1,1,67,B99,F,2020-01-16,2020-01-27 10:49:48.15
678,2347750000.0,200,2019870963.0,162,209,67,C01,F,2020-01-16,2020-01-27 10:49:48.15
679,227277500.0,119,74171971.0,14,17,67,C01,F,2020-01-16,2020-01-27 10:49:48.15
680,209400000.0,178,95803793.0,14,17,67,C01,F,2020-01-16,2020-01-27 10:49:48.15
681,90660639.0,31,42717517.0,16,22,67,C01,F,2020-01-16,2020-01-27 10:49:48.15
682,,31,,131,138,67,A01,F,2020-01-16,2020-01-27 10:49:48.15
683,,280,,9,9,67,B03,F,2020-01-16,2020-01-27 10:49:48.15
684,,12,,6,6,67,B06,F,2020-01-16,2020-01-27 10:49:48.15
685,,122,,1,1,67,A04,F,2020-01-16,2020-01-27 10:49:48.15
686,108835000.0,195,77500859.0,7,9,67,C01,F,2020-01-16,2020-01-27 10:49:48.15
687,43270000.0,156,31578451.0,4,6,67,C01,F,2020-01-16,2020-01-27 10:49:48.15
688,,3,,5759,6116,67,B99,F,2020-01-16,2020-01-27 10:49:48.15
689,,116,,13,24,67,A01,F,2020-01-16,2020-01-27 10:49:48.15
690,,29,,4,4,67,A99,F,2020-01-16,2020-01-27 10:49:48.15
691,,31,,2,2,67,A99,F,2020-01-16,2020-01-27 10:49:48.15
692,479183877.0,51,236200899.0,99,121,67,C01,F,2020-01-16,2020-01-27 10:49:48.15
693,107772203.0,26,64150030.0,26,30,67,C01,F,2020-01-16,2020-01-27 10:49:48.15
694,,4,,8,8,67,B05,F,2020-01-16,2020-01-27 10:49:48.15
695,170650000.0,164,111592721.0,9,12,67,C01,F,2020-01-16,2020-01-27 10:49:48.15
696,117230000.0,122,61052760.0,8,10,67,C01,F,2020-01-16,2020-01-27 10:49:48.15
697,,75,,11,11,67,B99,F,2020-01-16,2020-01-27 10:49:48.15
698,,16,,1,1,67,B06,F,2020-01-16,2020-01-27 10:49:48.15
699,,130,,2,2,67,B03,F,2020-01-16,2020-01-27 10:49:48.15
700,,20,,2730,2953,67,A04,F,2020-01-16,2020-01-27 10:49:48.15
701,,5,,5,5,67,B05,F,2020-01-16,2020-01-27 10:49:48.15
702,,91,,1,1,67,A04,F,2020-01-16,2020-01-27 10:49:48.15
703,,94,,173,207,67,A01,F,2020-01-16,2020-01-27 10:49:48.15
704,,60,,5072,6140,67,A04,F,2020-01-16,2020-01-27 10:49:48.15
705,,264,,6,6,67,B03,F,2020-01-16,2020-01-27 10:49:48.15
706,,281,,2,2,67,B03,F,2020-01-16,2020-01-27 10:49:48.15
707,,195,,1,1,67,B03,F,2020-01-16,2020-01-27 10:49:48.15
708,259284296.0,90,99584172.0,14,19,67,C01,F,2020-01-16,2020-01-27 10:49:48.15
709,,28,,236,245,67,A01,F,2020-01-16,2020-01-27 10:49:48.15
710,,19,,1,1,67,B01,F,2020-01-16,2020-01-27 10:49:48.15
711,,71,,1,1,67,B05,F,2020-01-16,2020-01-27 10:49:48.15
712,255712500.0,172,116849051.0,12,15,67,C01,F,2020-01-16,2020-01-27 10:49:48.15
713,,63,,205,241,67,A04,F,2020-01-16,2020-01-27 10:49:48.15
714,,106,,1,1,67,A01,F,2020-01-16,2020-01-27 10:49:48.15
715,,163,,1,1,67,B03,F,2020-01-16,2020-01-27 10:49:48.15
716,95973361.0,33,37955345.0,25,26,67,C01,F,2020-01-16,2020-01-27 10:49:48.15
717,341747014.0,95,207084235.0,29,32,67,C01,F,2020-01-16,2020-01-27 10:49:48.15
718,39020000.0,145,21935691.0,4,6,67,C01,F,2020-01-16,2020-01-27 10:49:48.15
719,,2,,2432,2520,67,A99,F,2020-01-16,2020-01-27 10:49:48.15
720,,68,,176,217,67,A04,F,2020-01-16,2020-01-27 10:49:48.15
721,,19,,485,498,67,A04,F,2020-01-16,2020-01-27 10:49:48.15
722,,16,,6,6,67,A05,F,2020-01-16,2020-01-27 10:49:48.15
723,,84,,5,5,67,B03,F,2020-01-16,2020-01-27 10:49:48.15
724,,315,,3,3,67,B03,F,2020-01-16,2020-01-27 10:49:48.15
725,194395000.0,169,124073496.0,9,10,67,C01,F,2020-01-16,2020-01-27 10:49:48.15
726,,44,,226,241,67,A01,F,2020-01-16,2020-01-27 10:49:48.15
727,,64,,1026,1240,67,A01,F,2020-01-16,2020-01-27 10:49:48.15
728,,67,,113,121,67,B99,F,2020-01-16,2020-01-27 10:49:48.15
729,,48,,14464,14857,67,B05,F,2020-01-16,2020-01-27 10:49:48.15
730,,3,,1150,1178,67,A99,F,2020-01-16,2020-01-27 10:49:48.15
731,,8,,17,18,67,A05,F,2020-01-16,2020-01-27 10:49:48.15
732,81018959.0,27,42616325.0,16,20,67,C01,F,2020-01-16,2020-01-27 10:49:48.15
733,,96,,14411,22329,67,A01,F,2020-01-16,2020-01-27 10:49:48.15
734,,42,,1,1,67,B03,F,2020-01-16,2020-01-27 10:49:48.15
735,117832830.0,109,42723029.0,11,12,67,C01,F,2020-01-16,2020-01-27 10:49:48.15
736,,18,,7707,8248,67,A04,F,2020-01-16,2020-01-27 10:49:48.15
737,,43,,207,220,67,A01,F,2020-01-16,2020-01-27 10:49:48.15
738,,224,,2,2,67,B03,F,2020-01-16,2020-01-27 10:49:48.15
739,,265,,3,3,67,B03,F,2020-01-16,2020-01-27 10:49:48.15
740,,113,,1,1,67,B99,F,2020-01-16,2020-01-27 10:49:48.15
741,,48,,1,1,67,B06,F,2020-01-16,2020-01-27 10:49:48.15
742,,38,,167,178,67,B99,F,2020-01-16,2020-01-27 10:49:48.15
743,,134,,1,1,67,B03,F,2020-01-16,2020-01-27 10:49:48.15
744,,358,,1,1,67,B03,F,2020-01-16,2020-01-27 10:49:48.15
745,,344,,5,5,67,B03,F,2020-01-16,2020-01-27 10:49:48.15
746,,34,,425,440,67,B99,F,2020-01-16,2020-01-27 10:49:48.15
747,,44,,284,302,67,A04,F,2020-01-16,2020-01-27 10:49:48.15
748,,5,,13769,15400,67,A04,F,2020-01-16,2020-01-27 10:49:48.15
749,,43,,4,4,67,B05,F,2020-01-16,2020-01-27 10:49:48.15
750,,17,,32,32,67,A99,F,2020-01-16,2020-01-27 10:49:48.15
751,,72,,4,4,67,B05,F,2020-01-16,2020-01-27 10:49:48.15
752,,283,,2,2,67,B03,F,2020-01-16,2020-01-27 10:49:48.15
753,,276,,4,4,67,B03,F,2020-01-16,2020-01-27 10:49:48.15
754,337341537.0,81,240605825.0,55,57,67,C01,F,2020-01-16,2020-01-27 10:49:48.15
755,126913882.0,85,44660154.0,8,15,67,C01,F,2020-01-16,2020-01-27 10:49:48.15
756,,50,,99,103,67,B99,F,2020-01-16,2020-01-27 10:49:48.15
757,,4,,84,84,67,A01,F,2020-01-16,2020-01-27 10:49:48.15
758,,210,,8,8,67,B03,F,2020-01-16,2020-01-27 10:49:48.15
759,,4,,5040,5263,67,B99,F,2020-01-16,2020-01-27 10:49:48.15
760,,56,,152,168,67,B99,F,2020-01-16,2020-01-27 10:49:48.15
761,,21,,126,131,67,A01,F,2020-01-16,2020-01-27 10:49:48.15
762,,15,,37,37,67,A99,F,2020-01-16,2020-01-27 10:49:48.15
763,,329,,1,1,67,B03,F,2020-01-16,2020-01-27 10:49:48.15
764,,90,,3,3,67,A04,F,2020-01-16,2020-01-27 10:49:48.15
765,154730000.0,198,85551944.0,7,14,67,C01,F,2020-01-16,2020-01-27 10:49:48.15
766,,1,,44874,65074,67,A04,F,2020-01-16,2020-01-27 10:49:48.15
767,,35,,222,234,67,A01,F,2020-01-16,2020-01-27 10:49:48.15
768,,23,,240,283,67,A99,F,2020-01-16,2020-01-27 10:49:48.15
769,,231,,3,3,67,B03,F,2020-01-16,2020-01-27 10:49:48.15
770,226300000.0,125,140730630.0,8,9,67,C01,F,2020-01-16,2020-01-27 10:49:48.15
771,,83,,13,14,67,A04,F,2020-01-16,2020-01-27 10:49:48.15
772,,26,,15,15,67,B05,F,2020-01-16,2020-01-27 10:49:48.15
773,,317,,5,5,67,B03,F,2020-01-16,2020-01-27 10:49:48.15
774,,158,,1,1,67,B03,F,2020-01-16,2020-01-27 10:49:48.15
775,,321,,1,1,67,B03,F,2020-01-16,2020-01-27 10:49:48.15
776,,295,,1,1,67,B03,F,2020-01-16,2020-01-27 10:49:48.15
777,11900000.0,102,2239960.0,1,2,67,C01,F,2020-01-16,2020-01-27 10:49:48.15
778,,88,,136,157,67,A01,F,2020-01-16,2020-01-27 10:49:48.15
779,,192,,8,8,67,B03,F,2020-01-16,2020-01-27 10:49:48.15
780,64950000.0,129,30475428.0,9,10,67,C01,F,2020-01-16,2020-01-27 10:49:48.15
781,96080000.0,126,40203933.0,8,11,67,C01,F,2020-01-16,2020-01-27 10:49:48.15
782,,72,,56819,97007,67,A01,F,2020-01-16,2020-01-27 10:49:48.15
783,,15,,4208,4445,67,A04,F,2020-01-16,2020-01-27 10:49:48.15
784,,95,,647,716,67,A01,F,2020-01-16,2020-01-27 10:49:48.15
785,,41,,164,169,67,A04,F,2020-01-16,2020-01-27 10:49:48.15
786,,31,,5,5,67,B05,F,2020-01-16,2020-01-27 10:49:48.15
787,,42,,470,500,67,A04,F,2020-01-16,2020-01-27 10:49:48.15
788,,36,,845,910,67,B99,F,2020-01-16,2020-01-27 10:49:48.15
789,,77,,81,90,67,A01,F,2020-01-16,2020-01-27 10:49:48.15
790,,349,,4,4,67,B03,F,2020-01-16,2020-01-27 10:49:48.15
791,,252,,7,7,67,B03,F,2020-01-16,2020-01-27 10:49:48.15
792,,84,,2,2,67,B05,F,2020-01-16,2020-01-27 10:49:48.15
793,,187,,1,1,67,B03,F,2020-01-16,2020-01-27 10:49:48.15
794,3419749771.0,100,2444975458.0,277,311,67,C01,F,2020-01-16,2020-01-27 10:49:48.15
795,147172500.0,177,123012133.0,12,13,67,C01,F,2020-01-16,2020-01-27 10:49:48.15
796,,77,,12,12,67,B99,F,2020-01-16,2020-01-27 10:49:48.15
797,,96,,11,11,67,B03,F,2020-01-16,2020-01-27 10:49:48.15
798,,5,,5903,6185,67,B99,F,2020-01-16,2020-01-27 10:49:48.15
799,,65,,213,244,67,A04,F,2020-01-16,2020-01-27 10:49:48.15
800,,237,,2,2,67,B03,F,2020-01-16,2020-01-27 10:49:48.15
801,,55,,10,10,67,B05,F,2020-01-16,2020-01-27 10:49:48.15
802,,219,,2,2,67,B03,F,2020-01-16,2020-01-27 10:49:48.15
803,,183,,1,1,67,B03,F,2020-01-16,2020-01-27 10:49:48.15
804,968624691.0,60,532800355.0,212,222,67,C01,F,2020-01-16,2020-01-27 10:49:48.15
805,,24,,17093,18747,67,A04,F,2020-01-16,2020-01-27 10:49:48.15
806,,14,,89,90,67,A99,F,2020-01-16,2020-01-27 10:49:48.15
807,,150,,1,1,67,A04,F,2020-01-16,2020-01-27 10:49:48.15
808,174170000.0,120,69547315.0,13,17,67,C01,F,2020-01-16,2020-01-27 10:49:48.15
809,16908125.0,16,5012939.0,3,4,67,C01,F,2020-01-16,2020-01-27 10:49:48.15
810,,47,,492,532,67,B99,F,2020-01-16,2020-01-27 10:49:48.15
811,,55,,192,211,67,A04,F,2020-01-16,2020-01-27 10:49:48.15
812,,144,,7,10,67,B03,F,2020-01-16,2020-01-27 10:49:48.15
813,,160,,8,8,67,B03,F,2020-01-16,2020-01-27 10:49:48.15
814,,29,,292,299,67,B99,F,2020-01-16,2020-01-27 10:49:48.15
815,,76,,68,80,67,A01,F,2020-01-16,2020-01-27 10:49:48.15
816,,32,,12,12,67,B05,F,2020-01-16,2020-01-27 10:49:48.15
817,,50,,1,1,67,B03,F,2020-01-16,2020-01-27 10:49:48.15
818,10672970329.0,72,4844570256.0,2653,2960,67,C01,F,2020-01-16,2020-01-27 10:49:48.15
819,141515000.0,167,98431660.0,6,6,67,C01,F,2020-01-16,2020-01-27 10:49:48.15
820,,100,,7,7,67,B03,F,2020-01-16,2020-01-27 10:49:48.15
821,,27,,19,19,67,B05,F,2020-01-16,2020-01-27 10:49:48.15
822,,222,,2,2,67,B03,F,2020-01-16,2020-01-27 10:49:48.15
823,,92,,1,1,67,A04,F,2020-01-16,2020-01-27 10:49:48.15
824,,3,,66,68,67,A01,F,2020-01-16,2020-01-27 10:49:48.15
825,,271,,2,2,67,B03,F,2020-01-16,2020-01-27 10:49:48.15
826,,240,,2,4,67,A04,F,2020-01-16,2020-01-27 10:49:48.15
827,,351,,1,1,67,B03,F,2020-01-16,2020-01-27 10:49:48.15
828,,136,,1,1,67,B03,F,2020-01-16,2020-01-27 10:49:48.15
829,,89,,131,147,67,A01,F,2020-01-16,2020-01-27 10:49:48.15
830,,6,,125,130,67,B05,F,2020-01-16,2020-01-27 10:49:48.15
831,,347,,2,2,67,B03,F,2020-01-16,2020-01-27 10:49:48.15
832,72055897.0,32,33637910.0,19,20,67,C01,F,2020-01-16,2020-01-27 10:49:48.15
833,183910000.0,128,76034906.0,9,16,67,C01,F,2020-01-16,2020-01-27 10:49:48.15
834,95470000.0,162,62868475.0,6,8,67,C01,F,2020-01-16,2020-01-27 10:49:48.15
835,,47,,1143,1289,67,A04,F,2020-01-16,2020-01-27 10:49:48.15
836,,71,,3318,3545,67,A04,F,2020-01-16,2020-01-27 10:49:48.15
837,,10,,23,23,67,B05,F,2020-01-16,2020-01-27 10:49:48.15
838,463385016.0,54,221505210.0,103,114,67,C01,F,2020-01-16,2020-01-27 10:49:48.15
839,6100000.0,155,5895768.0,1,1,67,C01,F,2020-01-16,2020-01-27 10:49:48.15
840,,305,,4,4,67,B03,F,2020-01-16,2020-01-27 10:49:48.15
841,,14,,4,4,67,A05,F,2020-01-16,2020-01-27 10:49:48.15
842,,12,,6,10,67,B01,F,2020-01-16,2020-01-27 10:49:48.15
843,147122407.0,24,82034428.0,36,42,67,C01,F,2020-01-16,2020-01-27 10:49:48.15
844,112500000.0,116,41727438.0,6,7,67,C01,F,2020-01-16,2020-01-27 10:49:48.15
845,26745000.0,194,17305723.0,2,2,67,C01,F,2020-01-16,2020-01-27 10:49:48.15
846,,61,,852,1038,67,A01,F,2020-01-16,2020-01-27 10:49:48.15
847,195080879.0,47,102532815.0,46,47,67,C01,F,2020-01-16,2020-01-27 10:49:48.15
848,46537500.0,189,30021071.0,5,5,67,C01,F,2020-01-16,2020-01-27 10:49:48.15
849,92305000.0,185,87057163.0,9,10,67,C01,F,2020-01-16,2020-01-27 10:49:48.15
850,78520000.0,107,7303877.0,5,5,67,C01,F,2020-01-16,2020-01-27 10:49:48.15
851,,46,,332,349,67,B99,F,2020-01-16,2020-01-27 10:49:48.15
852,,44,,287,308,67,B99,F,2020-01-16,2020-01-27 10:49:48.15
853,,115,,1,1,67,B03,F,2020-01-16,2020-01-27 10:49:48.15
854,235637981.0,93,123012165.0,21,22,67,C01,F,2020-01-16,2020-01-27 10:49:48.15
855,,23,,1028,1090,67,B99,F,2020-01-16,2020-01-27 10:49:48.15
856,,22,,433,444,67,A04,F,2020-01-16,2020-01-27 10:49:48.15
857,,342,,2,2,67,B03,F,2020-01-16,2020-01-27 10:49:48.15
858,,302,,3,3,67,B03,F,2020-01-16,2020-01-27 10:49:48.15
859,,22,,1,1,67,B01,F,2020-01-16,2020-01-27 10:49:48.15
860,62075885.0,17,17357289.0,7,15,67,C01,F,2020-01-16,2020-01-27 10:49:48.15
861,,1,,715,11850,67,G01,F,2020-01-16,2020-01-27 10:49:48.15
862,,5,,15,16,67,A05,F,2020-01-16,2020-01-27 10:49:48.15
863,,68,,36,39,67,B05,F,2020-01-16,2020-01-27 10:49:48.15
864,,356,,3,3,67,B03,F,2020-01-16,2020-01-27 10:49:48.15
865,,1,,33,36,67,A01,F,2020-01-16,2020-01-27 10:49:48.15
866,,330,,8,8,67,B03,F,2020-01-16,2020-01-27 10:49:48.15
867,,23,,3,3,67,B05,F,2020-01-16,2020-01-27 10:49:48.15
868,,54,,8,8,67,B05,F,2020-01-16,2020-01-27 10:49:48.15
869,,103,,1,1,67,A01,F,2020-01-16,2020-01-27 10:49:48.15
870,213020000.0,176,132743567.0,12,15,67,C01,F,2020-01-16,2020-01-27 10:49:48.15
871,,24,,9,9,67,A99,F,2020-01-16,2020-01-27 10:49:48.15
872,,85,,9,12,67,B99,F,2020-01-16,2020-01-27 10:49:48.15
873,,343,,1,1,67,B03,F,2020-01-16,2020-01-27 10:49:48.15
874,174842840.0,103,61800347.0,12,15,67,C01,F,2020-01-16,2020-01-27 10:49:48.15
875,,7,,2955,3091,67,A04,F,2020-01-16,2020-01-27 10:49:48.15
876,,69,,125,139,67,B99,F,2020-01-16,2020-01-27 10:49:48.15
877,,49,,396,430,67,A01,F,2020-01-16,2020-01-27 10:49:48.15
878,,150,,10,10,67,B03,F,2020-01-16,2020-01-27 10:49:48.15
879,,47,,5,5,67,B05,F,2020-01-16,2020-01-27 10:49:48.15
880,,229,,1,1,67,B03,F,2020-01-16,2020-01-27 10:49:48.15
881,,12,,1403,1454,67,A01,F,2020-01-16,2020-01-27 10:49:48.15
882,,64,,207,242,67,A04,F,2020-01-16,2020-01-27 10:49:48.15
883,,17,,116,121,67,A01,F,2020-01-16,2020-01-27 10:49:48.15
884,,8,,142,149,67,A01,F,2020-01-16,2020-01-27 10:49:48.15
885,,236,,3,3,67,B03,F,2020-01-16,2020-01-27 10:49:48.15
886,,102,,1,1,67,A04,F,2020-01-16,2020-01-27 10:49:48.15
887,85699650.0,105,57998876.0,14,15,67,C01,F,2020-01-16,2020-01-27 10:49:48.15
888,,228,,7,7,67,B03,F,2020-01-16,2020-01-27 10:49:48.15
889,,52,,1,1,67,B03,F,2020-01-16,2020-01-27 10:49:48.15
890,,182,,1,1,67,B03,F,2020-01-16,2020-01-27 10:49:48.15
891,,186,,2,2,67,B03,F,2020-01-16,2020-01-27 10:49:48.15
